{"Mean":{"confidence_interval":{"confidence_level":0.95,"lower_bound":5997.329387109646,"upper_bound":6116.353662157776},"point_estimate":6053.214629993401,"standard_error":30.342426449035405},"Median":{"confidence_interval":{"confidence_level":0.95,"lower_bound":5976.0787061649639,"upper_bound":6041.378928170595},"point_estimate":6005.894932761188,"standard_error":19.172886893209748},"MedianAbsDev":{"confidence_interval":{"confidence_level":0.95,"lower_bound":144.28766931008196,"upper_bound":255.36953004065925},"point_estimate":189.0781232926659,"standard_error":29.14280085319892},"Slope":{"confidence_interval":{"confidence_level":0.95,"lower_bound":5983.117285879374,"upper_bound":6104.96550236011},"point_estimate":6042.093963716438,"standard_error":31.09200963352067},"StdDev":{"confidence_interval":{"confidence_level":0.95,"lower_bound":204.33573917777466,"upper_bound":407.8640617630436},"point_estimate":305.4295610268055,"standard_error":53.420896879897558}}