{"Mean":{"confidence_interval":{"confidence_level":0.95,"lower_bound":5823.836379412761,"upper_bound":5930.566750796403},"point_estimate":5874.669944335978,"standard_error":27.208256917193738},"Median":{"confidence_interval":{"confidence_level":0.95,"lower_bound":5804.367524287392,"upper_bound":5877.662412704808},"point_estimate":5832.8042583120209,"standard_error":19.53345544786408},"MedianAbsDev":{"confidence_interval":{"confidence_level":0.95,"lower_bound":117.64319688031428,"upper_bound":194.76520004446406},"point_estimate":157.1037780886784,"standard_error":19.676604625601649},"Slope":{"confidence_interval":{"confidence_level":0.95,"lower_bound":5754.212073049256,"upper_bound":5851.21619280541},"point_estimate":5801.9620929945499,"standard_error":24.73917329969258},"StdDev":{"confidence_interval":{"confidence_level":0.95,"lower_bound":198.17786532690082,"upper_bound":338.46883074590297},"point_estimate":272.49797600830819,"standard_error":35.882409254345109}}