{"Mean":{"confidence_interval":{"confidence_level":0.95,"lower_bound":13839625.269653876,"upper_bound":14080128.504309968},"point_estimate":13958633.895786778,"standard_error":61122.75930226865},"Median":{"confidence_interval":{"confidence_level":0.95,"lower_bound":13763195.0,"upper_bound":14077820.635416668},"point_estimate":13953158.095029239,"standard_error":83819.31113718054},"MedianAbsDev":{"confidence_interval":{"confidence_level":0.95,"lower_bound":520819.14278395628,"upper_bound":834270.1221758624},"point_estimate":709034.0337478394,"standard_error":79179.04534866117},"Slope":{"confidence_interval":{"confidence_level":0.95,"lower_bound":14089426.91860436,"upper_bound":14371830.479026434},"point_estimate":14232453.070876312,"standard_error":72143.65162746907},"StdDev":{"confidence_interval":{"confidence_level":0.95,"lower_bound":539077.8842545474,"upper_bound":687491.6109516797},"point_estimate":617452.4440026393,"standard_error":37989.53331711818}}