{"Mean":{"confidence_interval":{"confidence_level":0.95,"lower_bound":13377232.80000295,"upper_bound":13499777.159616651},"point_estimate":13434287.53946989,"standard_error":31178.418912440102},"Median":{"confidence_interval":{"confidence_level":0.95,"lower_bound":13343588.421052631,"upper_bound":13418397.010452964},"point_estimate":13376724.198529412,"standard_error":17543.667292290756},"MedianAbsDev":{"confidence_interval":{"confidence_level":0.95,"lower_bound":126980.15482029313,"upper_bound":233074.6291141968},"point_estimate":175874.66857153135,"standard_error":27847.454466468313},"Slope":{"confidence_interval":{"confidence_level":0.95,"lower_bound":13349418.454624774,"upper_bound":13443459.867799106},"point_estimate":13395678.213947097,"standard_error":23986.19678555154},"StdDev":{"confidence_interval":{"confidence_level":0.95,"lower_bound":202738.56899111096,"upper_bound":432271.71840378068},"point_estimate":313270.92736132696,"standard_error":62034.63333984173}}