{"Mean":{"confidence_interval":{"confidence_level":0.95,"lower_bound":14058.156663262278,"upper_bound":14316.724318168926},"point_estimate":14183.069093866528,"standard_error":65.71908928505623},"Median":{"confidence_interval":{"confidence_level":0.95,"lower_bound":13896.833333333332,"upper_bound":14201.782457729469},"point_estimate":14032.003521825398,"standard_error":75.98680704383648},"MedianAbsDev":{"confidence_interval":{"confidence_level":0.95,"lower_bound":380.9102441121261,"upper_bound":615.3561914426448},"point_estimate":509.8538011747858,"standard_error":59.92193618508348},"Slope":{"confidence_interval":{"confidence_level":0.95,"lower_bound":14051.82296625157,"upper_bound":14302.759095116708},"point_estimate":14175.872211836855,"standard_error":63.806289748096229},"StdDev":{"confidence_interval":{"confidence_level":0.95,"lower_bound":519.7781388584405,"upper_bound":790.1616893525696},"point_estimate":662.9207043028948,"standard_error":69.28554188283242}}