{"Mean":{"confidence_interval":{"confidence_level":0.95,"lower_bound":11630.643355113365,"upper_bound":11867.773493680099},"point_estimate":11746.491529031768,"standard_error":60.59433884056235},"Median":{"confidence_interval":{"confidence_level":0.95,"lower_bound":11515.912790697674,"upper_bound":11739.903931339977},"point_estimate":11642.563236753034,"standard_error":54.504208260676417},"MedianAbsDev":{"confidence_interval":{"confidence_level":0.95,"lower_bound":375.98884831681257,"upper_bound":661.625507168894},"point_estimate":497.3759221821909,"standard_error":74.87937893815055},"Slope":{"confidence_interval":{"confidence_level":0.95,"lower_bound":11529.62853838492,"upper_bound":11778.509054540149},"point_estimate":11650.046948179892,"standard_error":63.53664848870065},"StdDev":{"confidence_interval":{"confidence_level":0.95,"lower_bound":504.2535138417858,"upper_bound":703.8035155406284},"point_estimate":609.7640655280677,"standard_error":50.8344276491726}}