{"Mean":{"confidence_interval":{"confidence_level":0.95,"lower_bound":11122.152378225153,"upper_bound":11274.043570050047},"point_estimate":11196.871462775145,"standard_error":38.72363531770269},"Median":{"confidence_interval":{"confidence_level":0.95,"lower_bound":11125.365035958872,"upper_bound":11325.200204290091},"point_estimate":11221.050243445694,"standard_error":50.268009738761929},"MedianAbsDev":{"confidence_interval":{"confidence_level":0.95,"lower_bound":238.82078910788744,"upper_bound":425.67679654277375},"point_estimate":324.4500518406538,"standard_error":44.76121932880016},"Slope":{"confidence_interval":{"confidence_level":0.95,"lower_bound":11041.567939927927,"upper_bound":11216.847670172925},"point_estimate":11130.191325085552,"standard_error":44.71809734454766},"StdDev":{"confidence_interval":{"confidence_level":0.95,"lower_bound":315.4624020260221,"upper_bound":464.1978622244156},"point_estimate":389.33894996529889,"standard_error":38.191898175852639}}