{"Mean":{"confidence_interval":{"confidence_level":0.95,"lower_bound":5655.932623539375,"upper_bound":5765.873125694065},"point_estimate":5709.198090652503,"standard_error":27.96680913299563},"Median":{"confidence_interval":{"confidence_level":0.95,"lower_bound":5654.222342646114,"upper_bound":5729.215036929994},"point_estimate":5689.495137841213,"standard_error":16.322971948846697},"MedianAbsDev":{"confidence_interval":{"confidence_level":0.95,"lower_bound":162.95966537157117,"upper_bound":271.1727728238009},"point_estimate":221.43250189405377,"standard_error":26.98165973240269},"Slope":{"confidence_interval":{"confidence_level":0.95,"lower_bound":5647.629656545951,"upper_bound":5805.237425426943},"point_estimate":5725.055020786868,"standard_error":40.26076738256833},"StdDev":{"confidence_interval":{"confidence_level":0.95,"lower_bound":221.12995901535124,"upper_bound":336.9849490334698},"point_estimate":281.8063561128673,"standard_error":29.641057145298345}}