{"Mean":{"confidence_interval":{"confidence_level":0.95,"lower_bound":6038.385168092292,"upper_bound":6117.26361964407},"point_estimate":6076.638567731567,"standard_error":20.113057148759169},"Median":{"confidence_interval":{"confidence_level":0.95,"lower_bound":6043.173913043478,"upper_bound":6131.497459062676},"point_estimate":6097.956111566858,"standard_error":23.531837069586208},"MedianAbsDev":{"confidence_interval":{"confidence_level":0.95,"lower_bound":112.37459107766276,"upper_bound":182.2441240362592},"point_estimate":153.9866400059842,"standard_error":17.412256228703673},"Slope":{"confidence_interval":{"confidence_level":0.95,"lower_bound":6004.064374386907,"upper_bound":6094.380260054939},"point_estimate":6050.943468935379,"standard_error":23.074146507551558},"StdDev":{"confidence_interval":{"confidence_level":0.95,"lower_bound":148.0360743954962,"upper_bound":262.18687698983498},"point_estimate":200.9688730090186,"standard_error":30.56441664755577}}