{"Mean":{"confidence_interval":{"confidence_level":0.95,"lower_bound":6366.936746276203,"upper_bound":6581.678339295254},"point_estimate":6471.279550618067,"standard_error":54.54296990404404},"Median":{"confidence_interval":{"confidence_level":0.95,"lower_bound":6197.459408365516,"upper_bound":6539.632835820896},"point_estimate":6334.735330261137,"standard_error":89.01999847106812},"MedianAbsDev":{"confidence_interval":{"confidence_level":0.95,"lower_bound":294.93463081177915,"upper_bound":562.3925724291015},"point_estimate":402.12204719639018,"standard_error":69.90554817514831},"Slope":{"confidence_interval":{"confidence_level":0.95,"lower_bound":6327.084507256749,"upper_bound":6498.3060579217},"point_estimate":6410.10736807181,"standard_error":43.71519147836765},"StdDev":{"confidence_interval":{"confidence_level":0.95,"lower_bound":431.7520272563734,"upper_bound":655.3892114650699},"point_estimate":546.818481034359,"standard_error":57.30770852691441}}