{"Mean":{"confidence_interval":{"confidence_level":0.95,"lower_bound":23330481.26367074,"upper_bound":23491390.77301072},"point_estimate":23410618.54798433,"standard_error":41003.88981574317},"Median":{"confidence_interval":{"confidence_level":0.95,"lower_bound":23270341.355932204,"upper_bound":23456899.767004737},"point_estimate":23367532.964338237,"standard_error":54590.14269562042},"MedianAbsDev":{"confidence_interval":{"confidence_level":0.95,"lower_bound":247710.4868075238,"upper_bound":428751.7940387174},"point_estimate":336288.86384964417,"standard_error":45837.032060433085},"Slope":{"confidence_interval":{"confidence_level":0.95,"lower_bound":23361176.939207224,"upper_bound":23513770.61034214},"point_estimate":23435297.847093248,"standard_error":38819.39201052365},"StdDev":{"confidence_interval":{"confidence_level":0.95,"lower_bound":342895.69643663309,"upper_bound":474657.2148161815},"point_estimate":412175.2672830201,"standard_error":33641.64604496872}}