{"Mean":{"confidence_interval":{"confidence_level":0.95,"lower_bound":27686460.097203167,"upper_bound":28081438.41674143},"point_estimate":27871222.23988726,"standard_error":100564.00316584466},"Median":{"confidence_interval":{"confidence_level":0.95,"lower_bound":27530202.23391813,"upper_bound":27797939.398717949},"point_estimate":27646394.135918876,"standard_error":74599.79932008742},"MedianAbsDev":{"confidence_interval":{"confidence_level":0.95,"lower_bound":401082.1549702813,"upper_bound":656549.9174159691},"point_estimate":510173.9549308553,"standard_error":63303.299385714294},"Slope":{"confidence_interval":{"confidence_level":0.95,"lower_bound":27421128.88776885,"upper_bound":27653063.271077586},"point_estimate":27531280.559343876,"standard_error":59078.55840830174},"StdDev":{"confidence_interval":{"confidence_level":0.95,"lower_bound":656557.4417090023,"upper_bound":1354059.8876282629},"point_estimate":1016175.5049946179,"standard_error":181355.70388441778}}