{"Mean":{"confidence_interval":{"confidence_level":0.95,"lower_bound":12477580.786673433,"upper_bound":12675085.408079526},"point_estimate":12572113.997148328,"standard_error":50481.223497981795},"Median":{"confidence_interval":{"confidence_level":0.95,"lower_bound":12415736.513888888,"upper_bound":12587109.804706708},"point_estimate":12479815.223866299,"standard_error":46066.944667616044},"MedianAbsDev":{"confidence_interval":{"confidence_level":0.95,"lower_bound":320296.24732706238,"upper_bound":520447.4254325599},"point_estimate":432516.68671167475,"standard_error":50199.4273327529},"Slope":{"confidence_interval":{"confidence_level":0.95,"lower_bound":12367995.637226539,"upper_bound":12559251.40030659},"point_estimate":12460949.314207182,"standard_error":48962.26833472376},"StdDev":{"confidence_interval":{"confidence_level":0.95,"lower_bound":387042.23037855679,"upper_bound":621917.2866960043},"point_estimate":507489.4980882301,"standard_error":60057.9753076384}}