{"Mean":{"confidence_interval":{"confidence_level":0.95,"lower_bound":-0.12438990282301843,"upper_bound":-0.09497118780474134},"point_estimate":-0.10948611326247604,"standard_error":0.007533700236090697},"Median":{"confidence_interval":{"confidence_level":0.95,"lower_bound":-0.1112725260777816,"upper_bound":-0.08245744845978065},"point_estimate":-0.10074730449627167,"standard_error":0.0072924744360105069}}