{"Mean":{"confidence_interval":{"confidence_level":0.95,"lower_bound":-0.047760130463286438,"upper_bound":0.013472821864522224},"point_estimate":-0.016750945759836268,"standard_error":0.01558273762788212},"Median":{"confidence_interval":{"confidence_level":0.95,"lower_bound":0.002320124690376346,"upper_bound":0.042311237604101718},"point_estimate":0.02269991807911742,"standard_error":0.010735633647461099}}