{"Mean":{"confidence_interval":{"confidence_level":0.95,"lower_bound":0.2425651110485058,"upper_bound":0.28676685497020018},"point_estimate":0.2640977141921428,"standard_error":0.011205503880333878},"Median":{"confidence_interval":{"confidence_level":0.95,"lower_bound":0.2661414667758484,"upper_bound":0.3008615616371058},"point_estimate":0.2893002240866853,"standard_error":0.008877370934416736}}