{"Mean":{"confidence_interval":{"confidence_level":0.95,"lower_bound":-0.04329287044162389,"upper_bound":-0.005708860686946984},"point_estimate":-0.024427752170540386,"standard_error":0.009554485162364065},"Median":{"confidence_interval":{"confidence_level":0.95,"lower_bound":-0.056631817047299807,"upper_bound":-0.021313287450819286},"point_estimate":-0.04435224373817015,"standard_error":0.008894194431214387}}