{"Mean":{"confidence_interval":{"confidence_level":0.95,"lower_bound":773398.4851113819,"upper_bound":788659.7555344567},"point_estimate":781080.6763435237,"standard_error":3899.0021714455817},"Median":{"confidence_interval":{"confidence_level":0.95,"lower_bound":775205.1346153846,"upper_bound":785961.02},"point_estimate":780750.5068250758,"standard_error":2475.127224040155},"MedianAbsDev":{"confidence_interval":{"confidence_level":0.95,"lower_bound":21508.91396691942,"upper_bound":42841.45846584154},"point_estimate":28830.039220401348,"standard_error":5314.193038708385},"Slope":{"confidence_interval":{"confidence_level":0.95,"lower_bound":786286.3000684934,"upper_bound":797124.4264008278},"point_estimate":791543.2080242352,"standard_error":2763.564460073938},"StdDev":{"confidence_interval":{"confidence_level":0.95,"lower_bound":32485.946364126798,"upper_bound":45077.48651679457},"point_estimate":38987.0608085613,"standard_error":3226.6517428355866}}