{"Mean":{"confidence_interval":{"confidence_level":0.95,"lower_bound":710188.0532529556,"upper_bound":720925.0323645969},"point_estimate":715431.7969151143,"standard_error":2730.327243473427},"Median":{"confidence_interval":{"confidence_level":0.95,"lower_bound":705525.8835616439,"upper_bound":714561.4327073552},"point_estimate":709558.6799429449,"standard_error":2466.4860102356867},"MedianAbsDev":{"confidence_interval":{"confidence_level":0.95,"lower_bound":18927.15363723353,"upper_bound":33998.593445767576},"point_estimate":23509.864750871173,"standard_error":3870.207726909691},"Slope":{"confidence_interval":{"confidence_level":0.95,"lower_bound":708536.4759071079,"upper_bound":717445.1520184272},"point_estimate":712868.81063987,"standard_error":2270.4701253580194},"StdDev":{"confidence_interval":{"confidence_level":0.95,"lower_bound":23459.790430936995,"upper_bound":30614.504833776547},"point_estimate":27372.27183853603,"standard_error":1825.56254975321}}