{"Mean":{"confidence_interval":{"confidence_level":0.95,"lower_bound":5624.163315370902,"upper_bound":5729.164340440019},"point_estimate":5674.413111441486,"standard_error":26.70229101671446},"Median":{"confidence_interval":{"confidence_level":0.95,"lower_bound":5596.6905181331389,"upper_bound":5718.273729946524},"point_estimate":5685.149914391594,"standard_error":34.19390790235736},"MedianAbsDev":{"confidence_interval":{"confidence_level":0.95,"lower_bound":143.800300656566,"upper_bound":234.42320285440273},"point_estimate":179.78588098934413,"standard_error":23.233140418728593},"Slope":{"confidence_interval":{"confidence_level":0.95,"lower_bound":5563.273261851501,"upper_bound":5668.752515047024},"point_estimate":5615.648031724814,"standard_error":26.890683999075109},"StdDev":{"confidence_interval":{"confidence_level":0.95,"lower_bound":196.11819188082078,"upper_bound":338.5069595492712},"point_estimate":268.16795792343887,"standard_error":36.79419551130908}}