{"Mean":{"confidence_interval":{"confidence_level":0.95,"lower_bound":6456.612261892958,"upper_bound":6589.329253382086},"point_estimate":6520.712550659644,"standard_error":33.812624259132828},"Median":{"confidence_interval":{"confidence_level":0.95,"lower_bound":6441.154615488579,"upper_bound":6548.15867234311},"point_estimate":6513.900987717213,"standard_error":22.38315968848443},"MedianAbsDev":{"confidence_interval":{"confidence_level":0.95,"lower_bound":174.59038681281178,"upper_bound":291.6027599698995},"point_estimate":248.27217650908376,"standard_error":30.28509607167589},"Slope":{"confidence_interval":{"confidence_level":0.95,"lower_bound":6416.6929482518439,"upper_bound":6549.651012492417},"point_estimate":6481.606547649922,"standard_error":33.84202360662417},"StdDev":{"confidence_interval":{"confidence_level":0.95,"lower_bound":259.23576444138566,"upper_bound":409.5424541515574},"point_estimate":338.64758729550359,"standard_error":38.430184995953798}}