{"Mean":{"confidence_interval":{"confidence_level":0.95,"lower_bound":235.3521651313338,"upper_bound":241.65492708021268},"point_estimate":238.46266797914218,"standard_error":1.614622868659753},"Median":{"confidence_interval":{"confidence_level":0.95,"lower_bound":232.05605868477387,"upper_bound":239.48228852997537},"point_estimate":236.81043990696765,"standard_error":1.8255168083243639},"MedianAbsDev":{"confidence_interval":{"confidence_level":0.95,"lower_bound":11.867181721909028,"upper_bound":19.581180109436468},"point_estimate":16.580597526558756,"standard_error":1.938809629495633},"Slope":{"confidence_interval":{"confidence_level":0.95,"lower_bound":237.17318299392665,"upper_bound":243.70987756293546},"point_estimate":240.36750076052915,"standard_error":1.6571219865238434},"StdDev":{"confidence_interval":{"confidence_level":0.95,"lower_bound":13.853497391903863,"upper_bound":18.27109337333171},"point_estimate":16.20993808915021,"standard_error":1.1251967853342689}}