{"Mean":{"confidence_interval":{"confidence_level":0.95,"lower_bound":240.46610701751696,"upper_bound":250.5432751226336},"point_estimate":245.08526523784384,"standard_error":2.5813317640985606},"Median":{"confidence_interval":{"confidence_level":0.95,"lower_bound":237.37202925522664,"upper_bound":245.26643640424784},"point_estimate":242.07544435196747,"standard_error":2.2333722902026404},"MedianAbsDev":{"confidence_interval":{"confidence_level":0.95,"lower_bound":13.538598469090039,"upper_bound":22.83529274912972},"point_estimate":18.98816941927692,"standard_error":2.2767727250533666},"Slope":{"confidence_interval":{"confidence_level":0.95,"lower_bound":238.56943750344187,"upper_bound":245.34218734226398},"point_estimate":241.97238401753979,"standard_error":1.7249015542332445},"StdDev":{"confidence_interval":{"confidence_level":0.95,"lower_bound":16.234169979023308,"upper_bound":36.66946401718645},"point_estimate":25.968121461473765,"standard_error":5.8452659585465229}}