{"Mean":{"confidence_interval":{"confidence_level":0.95,"lower_bound":6519.319208671374,"upper_bound":6677.00897698674},"point_estimate":6593.825109899952,"standard_error":40.41512655392315},"Median":{"confidence_interval":{"confidence_level":0.95,"lower_bound":6397.7899030617149,"upper_bound":6609.6196783349109},"point_estimate":6508.223841059603,"standard_error":44.20702216194704},"MedianAbsDev":{"confidence_interval":{"confidence_level":0.95,"lower_bound":234.8751150234635,"upper_bound":404.3956669931839},"point_estimate":307.87241845980307,"standard_error":40.36116795255122},"Slope":{"confidence_interval":{"confidence_level":0.95,"lower_bound":6514.623922578757,"upper_bound":6634.987069881814},"point_estimate":6574.02590528441,"standard_error":30.649808409868997},"StdDev":{"confidence_interval":{"confidence_level":0.95,"lower_bound":286.9721387960723,"upper_bound":523.4568283661199},"point_estimate":405.3873499749718,"standard_error":61.65656190047827}}