{"Mean":{"confidence_interval":{"confidence_level":0.95,"lower_bound":7506.722273801748,"upper_bound":7671.788336789625},"point_estimate":7587.517359336727,"standard_error":42.053932236987098},"Median":{"confidence_interval":{"confidence_level":0.95,"lower_bound":7457.34149054505,"upper_bound":7619.456153846154},"point_estimate":7527.1114490161,"standard_error":43.054261849829519},"MedianAbsDev":{"confidence_interval":{"confidence_level":0.95,"lower_bound":263.2194956278044,"upper_bound":461.26344295197108},"point_estimate":357.00135137714269,"standard_error":48.910470001853678},"Slope":{"confidence_interval":{"confidence_level":0.95,"lower_bound":7485.78391891149,"upper_bound":7644.226149189111},"point_estimate":7561.595630855623,"standard_error":40.42805188292794},"StdDev":{"confidence_interval":{"confidence_level":0.95,"lower_bound":349.03868047392725,"upper_bound":486.227244436021},"point_estimate":422.3917772629652,"standard_error":35.02763632391425}}