{"Mean":{"confidence_interval":{"confidence_level":0.95,"lower_bound":14516502.735065405,"upper_bound":14722029.549763844},"point_estimate":14618972.681707886,"standard_error":52428.57992786938},"Median":{"confidence_interval":{"confidence_level":0.95,"lower_bound":14490310.172473867,"upper_bound":14765883.144927537},"point_estimate":14615642.779220779,"standard_error":76881.60349500345},"MedianAbsDev":{"confidence_interval":{"confidence_level":0.95,"lower_bound":389273.4610282369,"upper_bound":665169.9031899676},"point_estimate":540840.2498097054,"standard_error":68295.27506398448},"Slope":{"confidence_interval":{"confidence_level":0.95,"lower_bound":14508460.830268812,"upper_bound":14702632.57773822},"point_estimate":14607393.732767845,"standard_error":49576.413835980515},"StdDev":{"confidence_interval":{"confidence_level":0.95,"lower_bound":456744.1321362876,"upper_bound":587411.5140108735},"point_estimate":525775.7306005285,"standard_error":33313.61740120529}}