{"Mean":{"confidence_interval":{"confidence_level":0.95,"lower_bound":13519336.471653665,"upper_bound":13640031.443077105},"point_estimate":13576430.680465756,"standard_error":30794.47550165663},"Median":{"confidence_interval":{"confidence_level":0.95,"lower_bound":13493613.634146342,"upper_bound":13616201.255319149},"point_estimate":13547955.873655914,"standard_error":26947.19483944669},"MedianAbsDev":{"confidence_interval":{"confidence_level":0.95,"lower_bound":186720.34416977209,"upper_bound":296215.8132750219},"point_estimate":233764.4230231477,"standard_error":27760.208091723787},"Slope":{"confidence_interval":{"confidence_level":0.95,"lower_bound":13439836.726372039,"upper_bound":13544614.98943582},"point_estimate":13491062.40116743,"standard_error":26754.483448125327},"StdDev":{"confidence_interval":{"confidence_level":0.95,"lower_bound":220316.86503436286,"upper_bound":416307.3742719092},"point_estimate":309401.14420744086,"standard_error":55361.49086946099}}