{"Mean":{"confidence_interval":{"confidence_level":0.95,"lower_bound":14579645.040887896,"upper_bound":14918404.978039885},"point_estimate":14745722.365724618,"standard_error":86287.36161821737},"Median":{"confidence_interval":{"confidence_level":0.95,"lower_bound":14738134.926470589,"upper_bound":14913895.370910384},"point_estimate":14844363.953508772,"standard_error":45500.035675350504},"MedianAbsDev":{"confidence_interval":{"confidence_level":0.95,"lower_bound":382162.374944247,"upper_bound":877131.2298194567},"point_estimate":559618.1889474146,"standard_error":119353.42444655336},"Slope":{"confidence_interval":{"confidence_level":0.95,"lower_bound":14383145.194031639,"upper_bound":14716360.800914335},"point_estimate":14553037.682766367,"standard_error":84955.913620884},"StdDev":{"confidence_interval":{"confidence_level":0.95,"lower_bound":681916.401878193,"upper_bound":1058990.74407397},"point_estimate":868875.548767473,"standard_error":97727.04563252472}}