{"Mean":{"confidence_interval":{"confidence_level":0.95,"lower_bound":3547682.9358909598,"upper_bound":3616664.7830735875},"point_estimate":3580996.8913812788,"standard_error":17653.257689539703},"Median":{"confidence_interval":{"confidence_level":0.95,"lower_bound":3503673.7,"upper_bound":3588703.970588235},"point_estimate":3550639.051988218,"standard_error":19496.69310909294},"MedianAbsDev":{"confidence_interval":{"confidence_level":0.95,"lower_bound":114368.33527986595,"upper_bound":187388.0210354653},"point_estimate":144611.11496105666,"standard_error":19115.232136262162},"Slope":{"confidence_interval":{"confidence_level":0.95,"lower_bound":3520790.709012939,"upper_bound":3585530.9401159},"point_estimate":3553246.491260529,"standard_error":16492.12786798245},"StdDev":{"confidence_interval":{"confidence_level":0.95,"lower_bound":139247.56994867276,"upper_bound":211674.19263973426},"point_estimate":177248.631864325,"standard_error":18518.203912264784}}