{"Mean":{"confidence_interval":{"confidence_level":0.95,"lower_bound":-0.05660170464514096,"upper_bound":-0.02999500652858727},"point_estimate":-0.043129503937866967,"standard_error":0.006796336744145209},"Median":{"confidence_interval":{"confidence_level":0.95,"lower_bound":-0.056625393014930639,"upper_bound":-0.0198692370474806},"point_estimate":-0.041271270336198376,"standard_error":0.009346308632148177}}