{"Mean":{"confidence_interval":{"confidence_level":0.95,"lower_bound":-0.04995609110013511,"upper_bound":-0.01337529203958849},"point_estimate":-0.03205606839191455,"standard_error":0.009300101468436234},"Median":{"confidence_interval":{"confidence_level":0.95,"lower_bound":-0.05359362243290078,"upper_bound":-0.008845134836085622},"point_estimate":-0.02235021533799353,"standard_error":0.011610287090187334}}