{"Mean":{"confidence_interval":{"confidence_level":0.95,"lower_bound":1232.7109518823975,"upper_bound":1252.1696146749369},"point_estimate":1241.9024956356319,"standard_error":4.9760894037730669},"Median":{"confidence_interval":{"confidence_level":0.95,"lower_bound":1230.5525595238096,"upper_bound":1241.465130541872},"point_estimate":1237.781321509009,"standard_error":2.4942974209104369},"MedianAbsDev":{"confidence_interval":{"confidence_level":0.95,"lower_bound":18.95122212065627,"upper_bound":33.39430336300464},"point_estimate":26.185057415245255,"standard_error":3.6257468270577819},"Slope":{"confidence_interval":{"confidence_level":0.95,"lower_bound":1216.5146343685515,"upper_bound":1232.6943768410609},"point_estimate":1224.5008320563027,"standard_error":4.112173812314671},"StdDev":{"confidence_interval":{"confidence_level":0.95,"lower_bound":34.14834148933652,"upper_bound":66.82555064843791},"point_estimate":50.169289253307358,"standard_error":8.64073231719734}}