{"Mean":{"confidence_interval":{"confidence_level":0.95,"lower_bound":207.46613682182147,"upper_bound":211.65370049932739},"point_estimate":209.43077780053617,"standard_error":1.0733753019823043},"Median":{"confidence_interval":{"confidence_level":0.95,"lower_bound":206.40571383918107,"upper_bound":208.2536424831713},"point_estimate":207.53254098925323,"standard_error":0.5099537128261191},"MedianAbsDev":{"confidence_interval":{"confidence_level":0.95,"lower_bound":3.3124121525208585,"upper_bound":5.7923787695308539},"point_estimate":4.2856214861869399,"standard_error":0.6232389039119817},"Slope":{"confidence_interval":{"confidence_level":0.95,"lower_bound":204.55537959101805,"upper_bound":208.07214096453127},"point_estimate":206.2705993548921,"standard_error":0.8953933225740391},"StdDev":{"confidence_interval":{"confidence_level":0.95,"lower_bound":7.397781823673823,"upper_bound":13.52628182177986},"point_estimate":10.761378945342166,"standard_error":1.570068506372741}}