{"Mean":{"confidence_interval":{"confidence_level":0.95,"lower_bound":9748.925654800063,"upper_bound":9921.006640335892},"point_estimate":9832.48861638532,"standard_error":43.81813693994875},"Median":{"confidence_interval":{"confidence_level":0.95,"lower_bound":9687.386460074578,"upper_bound":9810.873026491838},"point_estimate":9729.588833883388,"standard_error":34.305340780587297},"MedianAbsDev":{"confidence_interval":{"confidence_level":0.95,"lower_bound":215.04109837706859,"upper_bound":374.67729112702627},"point_estimate":299.9673786215029,"standard_error":41.05946778687939},"Slope":{"confidence_interval":{"confidence_level":0.95,"lower_bound":9594.719687136143,"upper_bound":9834.38915870721},"point_estimate":9706.123033035978,"standard_error":60.868007408493927},"StdDev":{"confidence_interval":{"confidence_level":0.95,"lower_bound":338.209312855057,"upper_bound":534.3574502907253},"point_estimate":440.52807663116189,"standard_error":50.33736842120786}}