{"Mean":{"confidence_interval":{"confidence_level":0.95,"lower_bound":8768.14288760558,"upper_bound":8943.168838280473},"point_estimate":8851.5272348723,"standard_error":44.585227167415677},"Median":{"confidence_interval":{"confidence_level":0.95,"lower_bound":8641.009106066436,"upper_bound":8820.461383748994},"point_estimate":8725.386615790667,"standard_error":49.84773907009358},"MedianAbsDev":{"confidence_interval":{"confidence_level":0.95,"lower_bound":183.1184559865748,"upper_bound":344.115744038216},"point_estimate":224.68397409632005,"standard_error":42.55822955642255},"Slope":{"confidence_interval":{"confidence_level":0.95,"lower_bound":8722.432255586422,"upper_bound":8870.713318264694},"point_estimate":8797.593516401172,"standard_error":37.76092658657312},"StdDev":{"confidence_interval":{"confidence_level":0.95,"lower_bound":337.6174338749189,"upper_bound":541.9233521158118},"point_estimate":449.25242123308245,"standard_error":51.86810141872088}}