{"Mean":{"confidence_interval":{"confidence_level":0.95,"lower_bound":-0.027135797275631408,"upper_bound":0.004588010615417071},"point_estimate":-0.011333051647235637,"standard_error":0.00812986619962378},"Median":{"confidence_interval":{"confidence_level":0.95,"lower_bound":-0.02521291378770248,"upper_bound":0.0013712793561788673},"point_estimate":-0.009325536810685376,"standard_error":0.006570269875981663}}