{"Mean":{"confidence_interval":{"confidence_level":0.95,"lower_bound":-0.08088971978479935,"upper_bound":-0.05621643231816636},"point_estimate":-0.06806610795414303,"standard_error":0.006304549213429384},"Median":{"confidence_interval":{"confidence_level":0.95,"lower_bound":-0.056599021887685629,"upper_bound":-0.041905619372568318},"point_estimate":-0.05059395163133973,"standard_error":0.003724151134233736}}