{"Mean":{"confidence_interval":{"confidence_level":0.95,"lower_bound":658505.9032263026,"upper_bound":676287.4147201139},"point_estimate":667313.0331359898,"standard_error":4526.149110033107},"Median":{"confidence_interval":{"confidence_level":0.95,"lower_bound":649141.6,"upper_bound":681800.5297619047},"point_estimate":675321.5208333333,"standard_error":8083.630083239523},"MedianAbsDev":{"confidence_interval":{"confidence_level":0.95,"lower_bound":33884.802284335776,"upper_bound":68153.52748965827},"point_estimate":49398.88751674435,"standard_error":8453.300440074172},"Slope":{"confidence_interval":{"confidence_level":0.95,"lower_bound":674426.8128104571,"upper_bound":693350.6919254499},"point_estimate":684358.820577804,"standard_error":4820.861785293544},"StdDev":{"confidence_interval":{"confidence_level":0.95,"lower_bound":39286.92462556309,"upper_bound":51306.646226459},"point_estimate":45592.18731084772,"standard_error":3079.7536777952889}}