{"Mean":{"confidence_interval":{"confidence_level":0.95,"lower_bound":-0.02738530031578379,"upper_bound":-0.0031407184385194737},"point_estimate":-0.015279962243029744,"standard_error":0.00618379875415421},"Median":{"confidence_interval":{"confidence_level":0.95,"lower_bound":-0.0191680907393639,"upper_bound":-0.00008046692254498246},"point_estimate":-0.010997464844830663,"standard_error":0.004778068588610097}}