{"Mean":{"confidence_interval":{"confidence_level":0.95,"lower_bound":-0.1256463983729346,"upper_bound":-0.10225756943000851},"point_estimate":-0.11390542598377218,"standard_error":0.005938192652328781},"Median":{"confidence_interval":{"confidence_level":0.95,"lower_bound":-0.12619153484746305,"upper_bound":-0.09879276015909017},"point_estimate":-0.1073399828997309,"standard_error":0.00800729036535857}}