{"Mean":{"confidence_interval":{"confidence_level":0.95,"lower_bound":-0.06746038000817568,"upper_bound":-0.043081638363002227},"point_estimate":-0.055279378521508108,"standard_error":0.006183995188833439},"Median":{"confidence_interval":{"confidence_level":0.95,"lower_bound":-0.06195135390574957,"upper_bound":-0.03127685642361844},"point_estimate":-0.04455616015055608,"standard_error":0.007817936467148953}}