{"Mean":{"confidence_interval":{"confidence_level":0.95,"lower_bound":-0.09104161431718107,"upper_bound":-0.06641341922896874},"point_estimate":-0.07886666525894382,"standard_error":0.006274465387420102},"Median":{"confidence_interval":{"confidence_level":0.95,"lower_bound":-0.09880372206897514,"upper_bound":-0.07594062999825735},"point_estimate":-0.08652723462497514,"standard_error":0.005838179014790149}}