{"Mean":{"confidence_interval":{"confidence_level":0.95,"lower_bound":106.37137794188416,"upper_bound":107.91500141423069},"point_estimate":107.13175069192183,"standard_error":0.393398045474587},"Median":{"confidence_interval":{"confidence_level":0.95,"lower_bound":106.38074352434701,"upper_bound":107.9248870305332},"point_estimate":107.201674713698,"standard_error":0.3785041362685511},"MedianAbsDev":{"confidence_interval":{"confidence_level":0.95,"lower_bound":2.1167591563097365,"upper_bound":3.590609050465451},"point_estimate":2.823191170227925,"standard_error":0.3627573863319248},"Slope":{"confidence_interval":{"confidence_level":0.95,"lower_bound":105.11422632668799,"upper_bound":106.59751333966668},"point_estimate":105.84321811672467,"standard_error":0.37933399187324159},"StdDev":{"confidence_interval":{"confidence_level":0.95,"lower_bound":3.1756314229239739,"upper_bound":4.65752290333437},"point_estimate":3.9531869609189864,"standard_error":0.3803163570383408}}