{"Mean":{"confidence_interval":{"confidence_level":0.95,"lower_bound":252.98454648331188,"upper_bound":262.5212735778596},"point_estimate":257.5242677558688,"standard_error":2.4236383459819588},"Median":{"confidence_interval":{"confidence_level":0.95,"lower_bound":249.55625459896982,"upper_bound":257.27526145455638},"point_estimate":252.5289732640726,"standard_error":1.6306954085910497},"MedianAbsDev":{"confidence_interval":{"confidence_level":0.95,"lower_bound":11.816300934397388,"upper_bound":21.178270748578428},"point_estimate":16.621299058899205,"standard_error":2.2875473263642425},"Slope":{"confidence_interval":{"confidence_level":0.95,"lower_bound":250.17167432203065,"upper_bound":257.4319016044352},"point_estimate":253.64598167096157,"standard_error":1.8458483157467823},"StdDev":{"confidence_interval":{"confidence_level":0.95,"lower_bound":17.719969007377345,"upper_bound":30.112934361409115},"point_estimate":24.31439271845169,"standard_error":3.1711453012032675}}