{"Mean":{"confidence_interval":{"confidence_level":0.95,"lower_bound":232.9690165538887,"upper_bound":237.54877799045958},"point_estimate":235.17948733371854,"standard_error":1.1672744869355998},"Median":{"confidence_interval":{"confidence_level":0.95,"lower_bound":232.3969174435618,"upper_bound":235.93003527317826},"point_estimate":233.84862184113838,"standard_error":0.9700096147952891},"MedianAbsDev":{"confidence_interval":{"confidence_level":0.95,"lower_bound":6.761879595384745,"upper_bound":10.734031006407076},"point_estimate":9.28164061457385,"standard_error":1.0500771011295272},"Slope":{"confidence_interval":{"confidence_level":0.95,"lower_bound":233.29619725066483,"upper_bound":238.1327710986546},"point_estimate":235.61798112334797,"standard_error":1.2295088865155},"StdDev":{"confidence_interval":{"confidence_level":0.95,"lower_bound":8.800849682467617,"upper_bound":14.743041413436102},"point_estimate":11.729562550509808,"standard_error":1.5445163069115709}}