{"Mean":{"confidence_interval":{"confidence_level":0.95,"lower_bound":14374107.227364365,"upper_bound":14604207.897258306},"point_estimate":14488356.209055,"standard_error":58754.29377011882},"Median":{"confidence_interval":{"confidence_level":0.95,"lower_bound":14315936.925073099,"upper_bound":14683309.956428573},"point_estimate":14528179.316067387,"standard_error":90253.47861130517},"MedianAbsDev":{"confidence_interval":{"confidence_level":0.95,"lower_bound":495447.18407019766,"upper_bound":785266.2240853214},"point_estimate":662934.4876749968,"standard_error":72413.12522005655},"Slope":{"confidence_interval":{"confidence_level":0.95,"lower_bound":14267617.872582194,"upper_bound":14510823.136234133},"point_estimate":14390461.303788977,"standard_error":61965.85054921126},"StdDev":{"confidence_interval":{"confidence_level":0.95,"lower_bound":508618.859357692,"upper_bound":665764.2539882676},"point_estimate":589309.4146752254,"standard_error":40102.19267042656}}