{"Mean":{"confidence_interval":{"confidence_level":0.95,"lower_bound":-0.10764104618582594,"upper_bound":-0.09141683799117859},"point_estimate":-0.09955634030388749,"standard_error":0.004139005122182617},"Median":{"confidence_interval":{"confidence_level":0.95,"lower_bound":-0.10329745238600818,"upper_bound":-0.08785509880831688},"point_estimate":-0.09293042837525922,"standard_error":0.003963207689043128}}