{"Mean":{"confidence_interval":{"confidence_level":0.95,"lower_bound":0.005287768051547157,"upper_bound":0.029141132962953177},"point_estimate":0.01750609506118672,"standard_error":0.006084627178587987},"Median":{"confidence_interval":{"confidence_level":0.95,"lower_bound":0.0006796115616037615,"upper_bound":0.021980826530307863},"point_estimate":0.008886297897358953,"standard_error":0.005490648902003813}}