{"Mean":{"confidence_interval":{"confidence_level":0.95,"lower_bound":5955.65711322119,"upper_bound":6059.585338542206},"point_estimate":6006.445696676976,"standard_error":26.589207143719319},"Median":{"confidence_interval":{"confidence_level":0.95,"lower_bound":5879.711927788523,"upper_bound":6004.150802139037},"point_estimate":5950.271148629148,"standard_error":31.98624521188539},"MedianAbsDev":{"confidence_interval":{"confidence_level":0.95,"lower_bound":155.38514369699019,"upper_bound":296.8024036550752},"point_estimate":221.4059674345466,"standard_error":35.03244845733785},"Slope":{"confidence_interval":{"confidence_level":0.95,"lower_bound":6001.56586773409,"upper_bound":6113.422176183472},"point_estimate":6056.382983569999,"standard_error":28.53959104036618},"StdDev":{"confidence_interval":{"confidence_level":0.95,"lower_bound":219.44675215088996,"upper_bound":307.91382611078157},"point_estimate":266.23547047150609,"standard_error":22.566239606006357}}