{"Mean":{"confidence_interval":{"confidence_level":0.95,"lower_bound":669256.7560627244,"upper_bound":682827.6356591572},"point_estimate":675994.4869464451,"standard_error":3458.7438915107375},"Median":{"confidence_interval":{"confidence_level":0.95,"lower_bound":661480.052631579,"upper_bound":676510.9748803829},"point_estimate":669048.8904413094,"standard_error":3963.834449810889},"MedianAbsDev":{"confidence_interval":{"confidence_level":0.95,"lower_bound":24696.55174355278,"upper_bound":44568.40005736382},"point_estimate":36601.16565599832,"standard_error":5077.853874971921},"Slope":{"confidence_interval":{"confidence_level":0.95,"lower_bound":663791.2378622331,"upper_bound":682380.3436981305},"point_estimate":672730.9190734447,"standard_error":4734.652895956122},"StdDev":{"confidence_interval":{"confidence_level":0.95,"lower_bound":30195.499741469674,"upper_bound":39232.07804886025},"point_estimate":34867.30605143883,"standard_error":2313.6092781760864}}