{"Mean":{"confidence_interval":{"confidence_level":0.95,"lower_bound":5710.480590995037,"upper_bound":5811.562018828903},"point_estimate":5758.8588378505269,"standard_error":25.777039782382638},"Median":{"confidence_interval":{"confidence_level":0.95,"lower_bound":5688.646918293052,"upper_bound":5793.506085192697},"point_estimate":5738.283279403715,"standard_error":27.236750314360309},"MedianAbsDev":{"confidence_interval":{"confidence_level":0.95,"lower_bound":135.82541716770553,"upper_bound":235.0032608700216},"point_estimate":157.6855650776764,"standard_error":26.288380232365915},"Slope":{"confidence_interval":{"confidence_level":0.95,"lower_bound":5638.353819043404,"upper_bound":5711.5372187236639},"point_estimate":5674.423224165957,"standard_error":18.607634112429666},"StdDev":{"confidence_interval":{"confidence_level":0.95,"lower_bound":182.16175207788707,"upper_bound":332.04970104242838},"point_estimate":259.1682730857507,"standard_error":38.46104692427011}}