{"Mean":{"confidence_interval":{"confidence_level":0.95,"lower_bound":123.19923777774712,"upper_bound":128.0430787708063},"point_estimate":125.44028334153605,"standard_error":1.2357930050575768},"Median":{"confidence_interval":{"confidence_level":0.95,"lower_bound":120.38120249810496,"upper_bound":124.41847452741816},"point_estimate":121.9403636888606,"standard_error":1.0724147684088304},"MedianAbsDev":{"confidence_interval":{"confidence_level":0.95,"lower_bound":5.183630961185511,"upper_bound":8.99315263667624},"point_estimate":7.406075130294461,"standard_error":0.98075933494548},"Slope":{"confidence_interval":{"confidence_level":0.95,"lower_bound":120.71640570101434,"upper_bound":123.98211584360256},"point_estimate":122.28124777020217,"standard_error":0.8337617780378728},"StdDev":{"confidence_interval":{"confidence_level":0.95,"lower_bound":7.814108535662259,"upper_bound":17.02376905338299},"point_estimate":12.426499369607307,"standard_error":2.426246837703821}}