{"Mean":{"confidence_interval":{"confidence_level":0.95,"lower_bound":102.55303317493335,"upper_bound":104.13360012087274},"point_estimate":103.32436855086428,"standard_error":0.40310056589735329},"Median":{"confidence_interval":{"confidence_level":0.95,"lower_bound":102.1569024494533,"upper_bound":103.78807493223256},"point_estimate":103.06091170943975,"standard_error":0.41529835898732905},"MedianAbsDev":{"confidence_interval":{"confidence_level":0.95,"lower_bound":2.179546773489508,"upper_bound":3.6066361237168018},"point_estimate":2.649660111016332,"standard_error":0.3720154224688811},"Slope":{"confidence_interval":{"confidence_level":0.95,"lower_bound":102.20880807329572,"upper_bound":103.6766334176856},"point_estimate":102.94729655599122,"standard_error":0.3746929734949489},"StdDev":{"confidence_interval":{"confidence_level":0.95,"lower_bound":3.1001374905828298,"upper_bound":4.9416783767475389},"point_estimate":4.055459030997014,"standard_error":0.47273815436625379}}