{"Mean":{"confidence_interval":{"confidence_level":0.95,"lower_bound":13550.302582800487,"upper_bound":13801.248368395465},"point_estimate":13672.721929719852,"standard_error":64.28712266283118},"Median":{"confidence_interval":{"confidence_level":0.95,"lower_bound":13413.677333333333,"upper_bound":13757.806984126984},"point_estimate":13515.836062378168,"standard_error":112.21871451944132},"MedianAbsDev":{"confidence_interval":{"confidence_level":0.95,"lower_bound":416.4014204962857,"upper_bound":713.212311142829},"point_estimate":573.5795631699759,"standard_error":78.63223821149329},"Slope":{"confidence_interval":{"confidence_level":0.95,"lower_bound":13761.206440514463,"upper_bound":14018.114695644184},"point_estimate":13888.14210823112,"standard_error":65.1828168180204},"StdDev":{"confidence_interval":{"confidence_level":0.95,"lower_bound":526.2197101359277,"upper_bound":759.9582265420597},"point_estimate":648.8031462860613,"standard_error":59.68916103539933}}