{"Mean":{"confidence_interval":{"confidence_level":0.95,"lower_bound":0.11305601904950147,"upper_bound":0.15570660501185294},"point_estimate":0.13348310005450626,"standard_error":0.0109126403697925},"Median":{"confidence_interval":{"confidence_level":0.95,"lower_bound":0.08890545631383917,"upper_bound":0.1497762066094921},"point_estimate":0.11340904188991896,"standard_error":0.01618302147896885}}