{"Mean":{"confidence_interval":{"confidence_level":0.95,"lower_bound":-0.07779666532183799,"upper_bound":-0.04449427144934174},"point_estimate":-0.06098345463206101,"standard_error":0.008481229741989335},"Median":{"confidence_interval":{"confidence_level":0.95,"lower_bound":-0.06966247253580474,"upper_bound":-0.016477033370236137},"point_estimate":-0.0373779181528201,"standard_error":0.013859622651096623}}