{"Mean":{"confidence_interval":{"confidence_level":0.95,"lower_bound":3823835.6471550224,"upper_bound":3914606.7869252359},"point_estimate":3867593.5687914316,"standard_error":23148.3406044837},"Median":{"confidence_interval":{"confidence_level":0.95,"lower_bound":3783915.595744681,"upper_bound":3888948.5263157899},"point_estimate":3855588.3015151519,"standard_error":29943.568273636774},"MedianAbsDev":{"confidence_interval":{"confidence_level":0.95,"lower_bound":140831.50955299298,"upper_bound":236261.3324434019},"point_estimate":188274.83226540223,"standard_error":25182.81348671732},"Slope":{"confidence_interval":{"confidence_level":0.95,"lower_bound":3784178.0413095399,"upper_bound":3858136.123239282},"point_estimate":3820454.2233663366,"standard_error":18944.681244037325},"StdDev":{"confidence_interval":{"confidence_level":0.95,"lower_bound":166821.60409574182,"upper_bound":297016.81631867188},"point_estimate":232845.34926015285,"standard_error":33784.10146763328}}