{"Mean":{"confidence_interval":{"confidence_level":0.95,"lower_bound":3560702.5044032705,"upper_bound":3623788.6065875019},"point_estimate":3591565.4025475217,"standard_error":16096.897936435462},"Median":{"confidence_interval":{"confidence_level":0.95,"lower_bound":3543770.5421686747,"upper_bound":3602933.0875},"point_estimate":3570774.536842105,"standard_error":14121.216551628671},"MedianAbsDev":{"confidence_interval":{"confidence_level":0.95,"lower_bound":107919.85258307182,"upper_bound":188555.71168087558},"point_estimate":149265.27377980873,"standard_error":21670.612849407404},"Slope":{"confidence_interval":{"confidence_level":0.95,"lower_bound":3557197.963083147,"upper_bound":3615190.710882316},"point_estimate":3586344.279666026,"standard_error":14789.549079262764},"StdDev":{"confidence_interval":{"confidence_level":0.95,"lower_bound":130844.16519441105,"upper_bound":194519.5823095853},"point_estimate":162373.38133543515,"standard_error":16504.99771109343}}