{"Mean":{"confidence_interval":{"confidence_level":0.95,"lower_bound":221.9134225836097,"upper_bound":226.31718405498956},"point_estimate":224.09458250766878,"standard_error":1.1255822348510068},"Median":{"confidence_interval":{"confidence_level":0.95,"lower_bound":220.9498315298916,"upper_bound":227.94193744894734},"point_estimate":224.44903713023468,"standard_error":1.769357154476471},"MedianAbsDev":{"confidence_interval":{"confidence_level":0.95,"lower_bound":8.764017652681972,"upper_bound":15.207581425296052},"point_estimate":12.588814013659738,"standard_error":1.6622369430941245},"Slope":{"confidence_interval":{"confidence_level":0.95,"lower_bound":224.55377168484623,"upper_bound":229.50776539170909},"point_estimate":226.97938014143976,"standard_error":1.2662888258928463},"StdDev":{"confidence_interval":{"confidence_level":0.95,"lower_bound":9.844908628556356,"upper_bound":12.659861547219198},"point_estimate":11.316411377989809,"standard_error":0.7211528307945027}}