{"Mean":{"confidence_interval":{"confidence_level":0.95,"lower_bound":213.37835279623139,"upper_bound":221.00321458576577},"point_estimate":217.02038031037356,"standard_error":1.9449615080349224},"Median":{"confidence_interval":{"confidence_level":0.95,"lower_bound":209.30316558574004,"upper_bound":216.01112085080224},"point_estimate":212.56805981157135,"standard_error":1.6248309399192949},"MedianAbsDev":{"confidence_interval":{"confidence_level":0.95,"lower_bound":9.963036640507463,"upper_bound":16.18166915528719},"point_estimate":13.929017936636159,"standard_error":1.5089980020603036},"Slope":{"confidence_interval":{"confidence_level":0.95,"lower_bound":211.1103093990751,"upper_bound":216.76018675613597},"point_estimate":213.96756224717573,"standard_error":1.4366493591458949},"StdDev":{"confidence_interval":{"confidence_level":0.95,"lower_bound":14.382392347152141,"upper_bound":23.97533480836832},"point_estimate":19.52254709354748,"standard_error":2.4517112481000669}}