{"Mean":{"confidence_interval":{"confidence_level":0.95,"lower_bound":12068.016069974432,"upper_bound":12298.462254009512},"point_estimate":12180.575039026808,"standard_error":58.806264929892538},"Median":{"confidence_interval":{"confidence_level":0.95,"lower_bound":11995.38125,"upper_bound":12114.564743589744},"point_estimate":12051.96286764706,"standard_error":33.45652678611392},"MedianAbsDev":{"confidence_interval":{"confidence_level":0.95,"lower_bound":205.3104939360892,"upper_bound":511.74896163579367},"point_estimate":363.2113777163729,"standard_error":86.042040955149},"Slope":{"confidence_interval":{"confidence_level":0.95,"lower_bound":11928.925476056093,"upper_bound":12188.401022444943},"point_estimate":12050.312643527412,"standard_error":66.34519965336576},"StdDev":{"confidence_interval":{"confidence_level":0.95,"lower_bound":467.10894983187276,"upper_bound":703.4387565130895},"point_estimate":594.1492942759138,"standard_error":60.485779432711399}}