{"Mean":{"confidence_interval":{"confidence_level":0.95,"lower_bound":0.08003031701931722,"upper_bound":0.12806982618364289},"point_estimate":0.10511997224248582,"standard_error":0.012253276201441174},"Median":{"confidence_interval":{"confidence_level":0.95,"lower_bound":0.10551988462340439,"upper_bound":0.1466706229016721},"point_estimate":0.12377896962489188,"standard_error":0.011233477804187342}}