{"Mean":{"confidence_interval":{"confidence_level":0.95,"lower_bound":0.003499694001374741,"upper_bound":0.054915471706148157},"point_estimate":0.027772050505116887,"standard_error":0.012905872815214423},"Median":{"confidence_interval":{"confidence_level":0.95,"lower_bound":-0.0019302105639582568,"upper_bound":0.04574621163360759},"point_estimate":0.02223299127803746,"standard_error":0.012392849687156722}}