{"Mean":{"confidence_interval":{"confidence_level":0.95,"lower_bound":2342.0956932501105,"upper_bound":2433.5017074892368},"point_estimate":2386.631359702329,"standard_error":23.29942019105394},"Median":{"confidence_interval":{"confidence_level":0.95,"lower_bound":2325.575086238029,"upper_bound":2408.565904863141},"point_estimate":2373.681762784722,"standard_error":21.057553648268784},"MedianAbsDev":{"confidence_interval":{"confidence_level":0.95,"lower_bound":137.95656163629199,"upper_bound":255.57094850341003},"point_estimate":192.23369250326764,"standard_error":30.15181767092276},"Slope":{"confidence_interval":{"confidence_level":0.95,"lower_bound":2356.5349423673476,"upper_bound":2439.7154724138065},"point_estimate":2395.3443096121679,"standard_error":21.225502033221546},"StdDev":{"confidence_interval":{"confidence_level":0.95,"lower_bound":192.456968564971,"upper_bound":271.84342451861598},"point_estimate":234.07482711351657,"standard_error":20.17176616821343}}