{"Mean":{"confidence_interval":{"confidence_level":0.95,"lower_bound":0.05628311906321914,"upper_bound":0.08872277688800826},"point_estimate":0.07210823315257886,"standard_error":0.008273833189204223},"Median":{"confidence_interval":{"confidence_level":0.95,"lower_bound":0.039129203590412057,"upper_bound":0.09240334048092106},"point_estimate":0.05069756857054353,"standard_error":0.013474275254653222}}