{"Mean":{"confidence_interval":{"confidence_level":0.95,"lower_bound":-0.15969086485442236,"upper_bound":-0.13154971046822576},"point_estimate":-0.14565415155335149,"standard_error":0.007179724418750301},"Median":{"confidence_interval":{"confidence_level":0.95,"lower_bound":-0.1685027772049249,"upper_bound":-0.12516029910052163},"point_estimate":-0.13503543714684197,"standard_error":0.01088236014552465}}