{"Mean":{"confidence_interval":{"confidence_level":0.95,"lower_bound":1664.9866886875805,"upper_bound":1688.0815720636968},"point_estimate":1676.456459489442,"standard_error":5.890946244962582},"Median":{"confidence_interval":{"confidence_level":0.95,"lower_bound":1667.4649350819694,"upper_bound":1698.5168694735135},"point_estimate":1675.6226880019472,"standard_error":9.766241680334279},"MedianAbsDev":{"confidence_interval":{"confidence_level":0.95,"lower_bound":38.48675232895837,"upper_bound":68.53443605484364},"point_estimate":53.6932015401727,"standard_error":8.073948542632987},"Slope":{"confidence_interval":{"confidence_level":0.95,"lower_bound":1663.7870383938587,"upper_bound":1693.0633745870478},"point_estimate":1678.6281994265688,"standard_error":7.4539031764133159},"StdDev":{"confidence_interval":{"confidence_level":0.95,"lower_bound":49.13073184837145,"upper_bound":68.98220355844497},"point_estimate":59.213832026595628,"standard_error":5.0933118990592949}}