{"Mean":{"confidence_interval":{"confidence_level":0.95,"lower_bound":1855.3250465543834,"upper_bound":1911.963115408331},"point_estimate":1882.5719446456786,"standard_error":14.43388398521031},"Median":{"confidence_interval":{"confidence_level":0.95,"lower_bound":1842.8842174086076,"upper_bound":1883.4156951317569},"point_estimate":1863.3501977587344,"standard_error":10.35299053019294},"MedianAbsDev":{"confidence_interval":{"confidence_level":0.95,"lower_bound":82.93373034711749,"upper_bound":135.90292576476558},"point_estimate":102.87372148239364,"standard_error":13.295911512236942},"Slope":{"confidence_interval":{"confidence_level":0.95,"lower_bound":1850.7074982189493,"upper_bound":1907.2176624953509},"point_estimate":1877.9123995962085,"standard_error":14.450563114344446},"StdDev":{"confidence_interval":{"confidence_level":0.95,"lower_bound":108.9608291801237,"upper_bound":177.06264958089296},"point_estimate":145.0094893816154,"standard_error":17.407626112592515}}