{"Mean":{"confidence_interval":{"confidence_level":0.95,"lower_bound":2290.6137426044695,"upper_bound":2354.9728466475914},"point_estimate":2322.3782364759128,"standard_error":16.468738001181845},"Median":{"confidence_interval":{"confidence_level":0.95,"lower_bound":2262.529512863204,"upper_bound":2340.0683815136314},"point_estimate":2306.09521233404,"standard_error":18.02262153638336},"MedianAbsDev":{"confidence_interval":{"confidence_level":0.95,"lower_bound":133.96391483400033,"upper_bound":206.8172805880351},"point_estimate":181.47582697177934,"standard_error":18.9376264454908},"Slope":{"confidence_interval":{"confidence_level":0.95,"lower_bound":2268.149908080866,"upper_bound":2359.4588863374458},"point_estimate":2312.0388846292855,"standard_error":23.338860675408474},"StdDev":{"confidence_interval":{"confidence_level":0.95,"lower_bound":140.03589784205676,"upper_bound":188.05305926751147},"point_estimate":165.33587571688043,"standard_error":12.257086065572013}}