{"Mean":{"confidence_interval":{"confidence_level":0.95,"lower_bound":2262.6721410346215,"upper_bound":2328.606053779372},"point_estimate":2294.7131116135808,"standard_error":16.89043506680574},"Median":{"confidence_interval":{"confidence_level":0.95,"lower_bound":2222.7225266417055,"upper_bound":2318.520626975299},"point_estimate":2268.22819707916,"standard_error":24.893471698279379},"MedianAbsDev":{"confidence_interval":{"confidence_level":0.95,"lower_bound":131.49705250417007,"upper_bound":209.04089238848909},"point_estimate":170.51836019501259,"standard_error":19.754206832383873},"Slope":{"confidence_interval":{"confidence_level":0.95,"lower_bound":2298.0693445704366,"upper_bound":2360.9460776640355},"point_estimate":2329.958707164547,"standard_error":16.044742020640557},"StdDev":{"confidence_interval":{"confidence_level":0.95,"lower_bound":141.22297837493935,"upper_bound":197.09162872972812},"point_estimate":169.79422822209737,"standard_error":14.360111414288325}}