{"Mean":{"confidence_interval":{"confidence_level":0.95,"lower_bound":1696.8224872142319,"upper_bound":1736.5907320347993},"point_estimate":1715.4737073061315,"standard_error":10.130588182420836},"Median":{"confidence_interval":{"confidence_level":0.95,"lower_bound":1672.6470668141508,"upper_bound":1697.3803427190733},"point_estimate":1687.599922572976,"standard_error":6.234592727110302},"MedianAbsDev":{"confidence_interval":{"confidence_level":0.95,"lower_bound":40.53942837397007,"upper_bound":70.57353113435252},"point_estimate":56.64394102871027,"standard_error":7.649353676501877},"Slope":{"confidence_interval":{"confidence_level":0.95,"lower_bound":1695.5937845140482,"upper_bound":1730.1578234206484},"point_estimate":1712.3840449831078,"standard_error":8.836135422838146},"StdDev":{"confidence_interval":{"confidence_level":0.95,"lower_bound":72.8052607786078,"upper_bound":131.79637579220685},"point_estimate":101.91470327545543,"standard_error":15.370695091555297}}