{"Mean":{"confidence_interval":{"confidence_level":0.95,"lower_bound":-0.09453615677960808,"upper_bound":-0.06321861159352635},"point_estimate":-0.07920714153301278,"standard_error":0.007979981353434394},"Median":{"confidence_interval":{"confidence_level":0.95,"lower_bound":-0.09227207278064054,"upper_bound":-0.06875886945190912},"point_estimate":-0.08193845718911575,"standard_error":0.00664609089943507}}