{"Mean":{"confidence_interval":{"confidence_level":0.95,"lower_bound":-0.07929721103756582,"upper_bound":-0.03465397388737574},"point_estimate":-0.05760270114006516,"standard_error":0.011375282779253916},"Median":{"confidence_interval":{"confidence_level":0.95,"lower_bound":-0.069397795475001,"upper_bound":-0.027636149417413215},"point_estimate":-0.046402977262163917,"standard_error":0.01010657979762177}}