{"Mean":{"confidence_interval":{"confidence_level":0.95,"lower_bound":90.55977735875274,"upper_bound":92.2326052894473},"point_estimate":91.34878748106849,"standard_error":0.4266648194432646},"Median":{"confidence_interval":{"confidence_level":0.95,"lower_bound":89.7385846306821,"upper_bound":91.10246938689157},"point_estimate":90.4383827692959,"standard_error":0.30705743617403399},"MedianAbsDev":{"confidence_interval":{"confidence_level":0.95,"lower_bound":1.6544287769009503,"upper_bound":3.2790660767173365},"point_estimate":2.4853494895246426,"standard_error":0.42514113384443616},"Slope":{"confidence_interval":{"confidence_level":0.95,"lower_bound":90.20400193111168,"upper_bound":91.65161490968676},"point_estimate":90.92988392237116,"standard_error":0.369315776918835},"StdDev":{"confidence_interval":{"confidence_level":0.95,"lower_bound":2.878819292510491,"upper_bound":5.513220689460614},"point_estimate":4.280043449561442,"standard_error":0.6699496867684256}}