{"Mean":{"confidence_interval":{"confidence_level":0.95,"lower_bound":90.1469248724769,"upper_bound":91.76455258805589},"point_estimate":90.92866051753843,"standard_error":0.4130265981456646},"Median":{"confidence_interval":{"confidence_level":0.95,"lower_bound":89.72660732343496,"upper_bound":90.85965798842219},"point_estimate":90.13725908898714,"standard_error":0.2525347883001903},"MedianAbsDev":{"confidence_interval":{"confidence_level":0.95,"lower_bound":2.1325620996060286,"upper_bound":3.639364948305753},"point_estimate":3.028912451932675,"standard_error":0.38302803035344409},"Slope":{"confidence_interval":{"confidence_level":0.95,"lower_bound":90.57470419511242,"upper_bound":92.11857860582734},"point_estimate":91.3215862040203,"standard_error":0.39395461679568408},"StdDev":{"confidence_interval":{"confidence_level":0.95,"lower_bound":3.153192106208569,"upper_bound":5.033968863172314},"point_estimate":4.1434238281611679,"standard_error":0.4817115416560739}}