{"Mean":{"confidence_interval":{"confidence_level":0.95,"lower_bound":-0.008097403437709266,"upper_bound":0.03248517631411482},"point_estimate":0.012056027710966699,"standard_error":0.010341192075367543},"Median":{"confidence_interval":{"confidence_level":0.95,"lower_bound":-0.010756514519733252,"upper_bound":0.0432198932914551},"point_estimate":0.016694535101733578,"standard_error":0.013770455610651303}}