{"Mean":{"confidence_interval":{"confidence_level":0.95,"lower_bound":-0.11977827901327139,"upper_bound":-0.09281479718138355},"point_estimate":-0.10648466145151225,"standard_error":0.006883961134041846},"Median":{"confidence_interval":{"confidence_level":0.95,"lower_bound":-0.11479691318468577,"upper_bound":-0.08275144494252396},"point_estimate":-0.1013412112204568,"standard_error":0.008086470301739689}}