{"Mean":{"confidence_interval":{"confidence_level":0.95,"lower_bound":-0.06533347430934333,"upper_bound":-0.032837076940749308},"point_estimate":-0.04898105082850823,"standard_error":0.008310109408066901},"Median":{"confidence_interval":{"confidence_level":0.95,"lower_bound":-0.07145441380407802,"upper_bound":-0.013206670157289134},"point_estimate":-0.0457303178330577,"standard_error":0.015154744809177215}}