{"Mean":{"confidence_interval":{"confidence_level":0.95,"lower_bound":0.017408184367604035,"upper_bound":0.045140581487504317},"point_estimate":0.030392292222232166,"standard_error":0.00709045644263137},"Median":{"confidence_interval":{"confidence_level":0.95,"lower_bound":0.019329859705676135,"upper_bound":0.0381851671225244},"point_estimate":0.029675378562979528,"standard_error":0.00481993482509804}}