{"Mean":{"confidence_interval":{"confidence_level":0.95,"lower_bound":-0.04749687123062752,"upper_bound":-0.024992392769174745},"point_estimate":-0.03656193329490032,"standard_error":0.0057474440523023729},"Median":{"confidence_interval":{"confidence_level":0.95,"lower_bound":-0.05663185301979656,"upper_bound":-0.024124326283457933},"point_estimate":-0.03957971666843385,"standard_error":0.008166578871563938}}