{"Mean":{"confidence_interval":{"confidence_level":0.95,"lower_bound":-0.04690959018699891,"upper_bound":-0.028298125626453918},"point_estimate":-0.037564303228495247,"standard_error":0.00475504466404464},"Median":{"confidence_interval":{"confidence_level":0.95,"lower_bound":-0.050292765305877899,"upper_bound":-0.02809717539031842},"point_estimate":-0.0413120737666679,"standard_error":0.005931332489345552}}