{"Mean":{"confidence_interval":{"confidence_level":0.95,"lower_bound":232.16320539560938,"upper_bound":239.27877415201108},"point_estimate":235.50415309420948,"standard_error":1.8113710222639932},"Median":{"confidence_interval":{"confidence_level":0.95,"lower_bound":231.0299180238854,"upper_bound":235.00093570263543},"point_estimate":231.9420965565186,"standard_error":1.1285515117451488},"MedianAbsDev":{"confidence_interval":{"confidence_level":0.95,"lower_bound":6.157026276828682,"upper_bound":11.135822617874439},"point_estimate":8.684053763860013,"standard_error":1.2806316610284632},"Slope":{"confidence_interval":{"confidence_level":0.95,"lower_bound":226.47156936016666,"upper_bound":230.8250117264702},"point_estimate":228.63412127090687,"standard_error":1.1114385137734309},"StdDev":{"confidence_interval":{"confidence_level":0.95,"lower_bound":12.651745298433662,"upper_bound":22.813625797706285},"point_estimate":18.20385527645638,"standard_error":2.587500428531971}}