{"Mean":{"confidence_interval":{"confidence_level":0.95,"lower_bound":-0.023640785342635159,"upper_bound":-0.0015986308822394996},"point_estimate":-0.01253033903738976,"standard_error":0.005625848718562291},"Median":{"confidence_interval":{"confidence_level":0.95,"lower_bound":-0.009290526433873292,"upper_bound":0.00749630767495932},"point_estimate":0.00041494786712692466,"standard_error":0.004264072695761244}}