{"Mean":{"confidence_interval":{"confidence_level":0.95,"lower_bound":-0.14723647076122185,"upper_bound":-0.1253410568903695},"point_estimate":-0.13628679241312015,"standard_error":0.005569044440214307},"Median":{"confidence_interval":{"confidence_level":0.95,"lower_bound":-0.1450265824245902,"upper_bound":-0.12681739425510953},"point_estimate":-0.13452733969749865,"standard_error":0.004792405210651858}}