{"Mean":{"confidence_interval":{"confidence_level":0.95,"lower_bound":699775.6067535095,"upper_bound":713486.1285065055},"point_estimate":706408.5818795576,"standard_error":3499.074575496275},"Median":{"confidence_interval":{"confidence_level":0.95,"lower_bound":688171.2491071429,"upper_bound":701584.0783108644},"point_estimate":694647.5921686747,"standard_error":3502.823122286557},"MedianAbsDev":{"confidence_interval":{"confidence_level":0.95,"lower_bound":16199.642845730521,"upper_bound":33825.54637172248},"point_estimate":24378.278722151845,"standard_error":4534.033145476331},"Slope":{"confidence_interval":{"confidence_level":0.95,"lower_bound":693919.6061089239,"upper_bound":708046.7935081493},"point_estimate":700672.4949194621,"standard_error":3584.551693695219},"StdDev":{"confidence_interval":{"confidence_level":0.95,"lower_bound":28442.036852335055,"upper_bound":41158.49247662563},"point_estimate":35092.11582202594,"standard_error":3255.958693399445}}