{"Mean":{"confidence_interval":{"confidence_level":0.95,"lower_bound":774290.0142643045,"upper_bound":798613.7257412316},"point_estimate":786123.068723022,"standard_error":6203.858332218653},"Median":{"confidence_interval":{"confidence_level":0.95,"lower_bound":774697.181122449,"upper_bound":787138.6160714285},"point_estimate":780574.9558531747,"standard_error":3662.487624213422},"MedianAbsDev":{"confidence_interval":{"confidence_level":0.95,"lower_bound":23031.70749352474,"upper_bound":48947.75731773019},"point_estimate":30159.740854043364,"standard_error":6878.854301583579},"Slope":{"confidence_interval":{"confidence_level":0.95,"lower_bound":774632.2148982873,"upper_bound":790894.9583357725},"point_estimate":782273.2474375647,"standard_error":4151.950488098805},"StdDev":{"confidence_interval":{"confidence_level":0.95,"lower_bound":48635.921432494666,"upper_bound":74477.11296244805},"point_estimate":62263.61598667721,"standard_error":6614.32351824819}}