{"Mean":{"confidence_interval":{"confidence_level":0.95,"lower_bound":701697.0548113714,"upper_bound":715349.7239257007},"point_estimate":708342.8116993847,"standard_error":3490.527830468022},"Median":{"confidence_interval":{"confidence_level":0.95,"lower_bound":693445.3094387755,"upper_bound":703334.4098967298},"point_estimate":698300.4856627747,"standard_error":2979.664408898202},"MedianAbsDev":{"confidence_interval":{"confidence_level":0.95,"lower_bound":17369.671159808517,"upper_bound":31224.659808785866},"point_estimate":24097.227457976205,"standard_error":3568.632898312121},"Slope":{"confidence_interval":{"confidence_level":0.95,"lower_bound":691812.6005047427,"upper_bound":701854.8590166476},"point_estimate":696674.3040298508,"standard_error":2555.5016251306144},"StdDev":{"confidence_interval":{"confidence_level":0.95,"lower_bound":28812.698308481704,"upper_bound":40209.39012424275},"point_estimate":35067.385866902776,"standard_error":2906.2817637464397}}