{"Mean":{"confidence_interval":{"confidence_level":0.95,"lower_bound":0.16310907162843323,"upper_bound":0.18736031407999288},"point_estimate":0.17526742290643705,"standard_error":0.006189952016194771},"Median":{"confidence_interval":{"confidence_level":0.95,"lower_bound":0.1797021133689627,"upper_bound":0.20614669113840024},"point_estimate":0.1935601873865216,"standard_error":0.006430313476772786}}