{"Mean":{"confidence_interval":{"confidence_level":0.95,"lower_bound":-0.13895591512931253,"upper_bound":-0.109820444008533},"point_estimate":-0.12438811110764037,"standard_error":0.007410601735080477},"Median":{"confidence_interval":{"confidence_level":0.95,"lower_bound":-0.13743476688973345,"upper_bound":-0.10020698859657935},"point_estimate":-0.12527504220854059,"standard_error":0.010533923341841974}}