{"Mean":{"confidence_interval":{"confidence_level":0.95,"lower_bound":1677.678407404088,"upper_bound":1698.9669351102319},"point_estimate":1688.3923661069937,"standard_error":5.4154368271081},"Median":{"confidence_interval":{"confidence_level":0.95,"lower_bound":1686.2787391588939,"upper_bound":1708.55127229586},"point_estimate":1701.0360657383854,"standard_error":5.813589704709388},"MedianAbsDev":{"confidence_interval":{"confidence_level":0.95,"lower_bound":26.18235147469827,"upper_bound":47.90873033872293},"point_estimate":36.19807723882358,"standard_error":5.456518090888341},"Slope":{"confidence_interval":{"confidence_level":0.95,"lower_bound":1683.0919483310748,"upper_bound":1703.2158195895389},"point_estimate":1693.3078383777755,"standard_error":5.159981747116253},"StdDev":{"confidence_interval":{"confidence_level":0.95,"lower_bound":44.472123210797388,"upper_bound":63.2608345853126},"point_estimate":54.43989476422917,"standard_error":4.791746988948757}}