{"Mean":{"confidence_interval":{"confidence_level":0.95,"lower_bound":29637071.19246038,"upper_bound":29939573.43156112},"point_estimate":29789593.158169096,"standard_error":77203.83903792252},"Median":{"confidence_interval":{"confidence_level":0.95,"lower_bound":29681939.25,"upper_bound":30058378.060606064},"point_estimate":29830356.262755105,"standard_error":93962.8916734299},"MedianAbsDev":{"confidence_interval":{"confidence_level":0.95,"lower_bound":646057.2275986172,"upper_bound":1059645.3173190712},"point_estimate":864971.0909082295,"standard_error":109643.16353656496},"Slope":{"confidence_interval":{"confidence_level":0.95,"lower_bound":29217010.431935409,"upper_bound":29621298.9839251},"point_estimate":29406902.12437417,"standard_error":103176.03715966153},"StdDev":{"confidence_interval":{"confidence_level":0.95,"lower_bound":684086.8763828694,"upper_bound":848700.6542165013},"point_estimate":773094.0078814122,"standard_error":41956.462596051235}}