{"Mean":{"confidence_interval":{"confidence_level":0.95,"lower_bound":28467104.955943586,"upper_bound":28683981.706399107},"point_estimate":28573195.26271389,"standard_error":55412.7652220505},"Median":{"confidence_interval":{"confidence_level":0.95,"lower_bound":28369495.13157895,"upper_bound":28563800.092713078},"point_estimate":28434327.99360614,"standard_error":45453.77390143424},"MedianAbsDev":{"confidence_interval":{"confidence_level":0.95,"lower_bound":342522.6418032406,"upper_bound":565396.4685294213},"point_estimate":427455.46825839547,"standard_error":57238.56309266024},"Slope":{"confidence_interval":{"confidence_level":0.95,"lower_bound":28412542.14824699,"upper_bound":28639255.196541978},"point_estimate":28520294.12341658,"standard_error":58123.28245194115},"StdDev":{"confidence_interval":{"confidence_level":0.95,"lower_bound":454416.5249582217,"upper_bound":654445.7939364689},"point_estimate":557275.2540449033,"standard_error":51444.7231826756}}