{"Mean":{"confidence_interval":{"confidence_level":0.95,"lower_bound":0.005052891528595578,"upper_bound":0.05800314611847747},"point_estimate":0.03234283154569195,"standard_error":0.0136071462979993},"Median":{"confidence_interval":{"confidence_level":0.95,"lower_bound":0.024983310499342816,"upper_bound":0.08403681384641448},"point_estimate":0.06193743020948128,"standard_error":0.015478524672075823}}