{"Mean":{"confidence_interval":{"confidence_level":0.95,"lower_bound":-0.10572331534106684,"upper_bound":-0.06434814441055709},"point_estimate":-0.08583230824597255,"standard_error":0.010542124063692708},"Median":{"confidence_interval":{"confidence_level":0.95,"lower_bound":-0.10015378153810495,"upper_bound":-0.06638731536481035},"point_estimate":-0.08573736167788093,"standard_error":0.008478208650145628}}