{"Mean":{"confidence_interval":{"confidence_level":0.95,"lower_bound":6089.318910623855,"upper_bound":6268.264219980231},"point_estimate":6177.237529760968,"standard_error":45.79617463706958},"Median":{"confidence_interval":{"confidence_level":0.95,"lower_bound":5920.043650793651,"upper_bound":6278.907913165266},"point_estimate":6112.322718947719,"standard_error":94.56320358387794},"MedianAbsDev":{"confidence_interval":{"confidence_level":0.95,"lower_bound":337.6593248730255,"upper_bound":566.3907049890679},"point_estimate":488.90441577673377,"standard_error":59.24196125834645},"Slope":{"confidence_interval":{"confidence_level":0.95,"lower_bound":5999.437770125636,"upper_bound":6216.733963201485},"point_estimate":6106.033247148275,"standard_error":55.42125733358751},"StdDev":{"confidence_interval":{"confidence_level":0.95,"lower_bound":387.4355158846095,"upper_bound":529.611350915432},"point_estimate":461.43212927300058,"standard_error":36.45730717068518}}