{"Mean":{"confidence_interval":{"confidence_level":0.95,"lower_bound":0.17607304096716418,"upper_bound":0.20365471736250485},"point_estimate":0.18959573045553758,"standard_error":0.007020825512878416},"Median":{"confidence_interval":{"confidence_level":0.95,"lower_bound":0.18372953464706844,"upper_bound":0.21454927853596618},"point_estimate":0.19628233683261277,"standard_error":0.00809811594798265}}