{"Mean":{"confidence_interval":{"confidence_level":0.95,"lower_bound":-0.15249487321757428,"upper_bound":-0.12113623183131943},"point_estimate":-0.1370880160526452,"standard_error":0.008006296015319254},"Median":{"confidence_interval":{"confidence_level":0.95,"lower_bound":-0.15549484807302617,"upper_bound":-0.11486459498990999},"point_estimate":-0.1377088298612682,"standard_error":0.009779419449607629}}