{"Mean":{"confidence_interval":{"confidence_level":0.95,"lower_bound":7145.827235137567,"upper_bound":7251.283142654125},"point_estimate":7198.33309336161,"standard_error":26.78129968142719},"Median":{"confidence_interval":{"confidence_level":0.95,"lower_bound":7163.58562605278,"upper_bound":7312.081574275005},"point_estimate":7237.090822108784,"standard_error":34.302411609737458},"MedianAbsDev":{"confidence_interval":{"confidence_level":0.95,"lower_bound":186.1606403045972,"upper_bound":360.1696946374862},"point_estimate":250.7818229114311,"standard_error":46.440583955319748},"Slope":{"confidence_interval":{"confidence_level":0.95,"lower_bound":7163.966067223554,"upper_bound":7284.844464921011},"point_estimate":7225.954467073464,"standard_error":30.7542525843283},"StdDev":{"confidence_interval":{"confidence_level":0.95,"lower_bound":235.9764498428088,"upper_bound":299.4268805190761},"point_estimate":269.2978149132728,"standard_error":16.18523257263838}}