{"Mean":{"confidence_interval":{"confidence_level":0.95,"lower_bound":6081.8228568767549,"upper_bound":6173.385910603608},"point_estimate":6124.846952330328,"standard_error":23.4090870266646},"Median":{"confidence_interval":{"confidence_level":0.95,"lower_bound":6040.8838379466319,"upper_bound":6112.433270348474},"point_estimate":6063.4485789572759,"standard_error":17.189080856232473},"MedianAbsDev":{"confidence_interval":{"confidence_level":0.95,"lower_bound":103.22532716131795,"upper_bound":171.16841259044387},"point_estimate":128.60394776546944,"standard_error":17.69349015955224},"Slope":{"confidence_interval":{"confidence_level":0.95,"lower_bound":6097.220484610726,"upper_bound":6182.252945933371},"point_estimate":6139.793502630137,"standard_error":21.785809006642844},"StdDev":{"confidence_interval":{"confidence_level":0.95,"lower_bound":162.0915313571217,"upper_bound":303.39802963695936},"point_estimate":235.54582235206213,"standard_error":36.329150796022179}}