{"Mean":{"confidence_interval":{"confidence_level":0.95,"lower_bound":6893.380345437207,"upper_bound":7101.730111090176},"point_estimate":6994.933520236003,"standard_error":53.24475953664958},"Median":{"confidence_interval":{"confidence_level":0.95,"lower_bound":6741.414102564103,"upper_bound":7020.06163003663},"point_estimate":6931.834429723502,"standard_error":80.5698652508977},"MedianAbsDev":{"confidence_interval":{"confidence_level":0.95,"lower_bound":382.9999923670572,"upper_bound":666.9401570998755},"point_estimate":503.9753624195853,"standard_error":70.36895544630689},"Slope":{"confidence_interval":{"confidence_level":0.95,"lower_bound":6645.828490332001,"upper_bound":6852.661164277446},"point_estimate":6739.446780679347,"standard_error":52.8553024418171},"StdDev":{"confidence_interval":{"confidence_level":0.95,"lower_bound":436.6140123785521,"upper_bound":636.0279731976718},"point_estimate":535.2415266214555,"standard_error":51.266916651633817}}