{"Mean":{"confidence_interval":{"confidence_level":0.95,"lower_bound":11833.262472497685,"upper_bound":12032.584240824048},"point_estimate":11930.203009766134,"standard_error":50.84964576160363},"Median":{"confidence_interval":{"confidence_level":0.95,"lower_bound":11849.698152610441,"upper_bound":12026.546549835706},"point_estimate":11932.361526375571,"standard_error":43.54717197377572},"MedianAbsDev":{"confidence_interval":{"confidence_level":0.95,"lower_bound":254.62198898992063,"upper_bound":467.65819307628126},"point_estimate":342.7885633375085,"standard_error":56.17539301384297},"Slope":{"confidence_interval":{"confidence_level":0.95,"lower_bound":11766.063702277163,"upper_bound":11944.106816352067},"point_estimate":11856.961533487281,"standard_error":45.46004203967207},"StdDev":{"confidence_interval":{"confidence_level":0.95,"lower_bound":402.21469347311736,"upper_bound":611.8091469009464},"point_estimate":512.1388407826878,"standard_error":53.476797585157}}