{"Mean":{"confidence_interval":{"confidence_level":0.95,"lower_bound":12005.70655441326,"upper_bound":12230.962843856887},"point_estimate":12115.324713957449,"standard_error":57.45867938319496},"Median":{"confidence_interval":{"confidence_level":0.95,"lower_bound":11978.212059620597,"upper_bound":12156.40217955371},"point_estimate":12065.04645056693,"standard_error":41.99263075533907},"MedianAbsDev":{"confidence_interval":{"confidence_level":0.95,"lower_bound":354.7327616811673,"upper_bound":554.9842958427346},"point_estimate":471.79957591656668,"standard_error":50.69068522164572},"Slope":{"confidence_interval":{"confidence_level":0.95,"lower_bound":11861.421984859075,"upper_bound":12121.267361815893},"point_estimate":11989.590216906292,"standard_error":66.45791836336685},"StdDev":{"confidence_interval":{"confidence_level":0.95,"lower_bound":462.669180863743,"upper_bound":681.6783837837144},"point_estimate":577.6306828680466,"standard_error":56.13445465540515}}