{"Mean":{"confidence_interval":{"confidence_level":0.95,"lower_bound":6059.865534519259,"upper_bound":6179.674161481735},"point_estimate":6117.617092071903,"standard_error":30.470030227720735},"Median":{"confidence_interval":{"confidence_level":0.95,"lower_bound":6023.789056789705,"upper_bound":6126.116502605674},"point_estimate":6080.163179813817,"standard_error":28.219841215815685},"MedianAbsDev":{"confidence_interval":{"confidence_level":0.95,"lower_bound":160.22222024607169,"upper_bound":273.93815975737069},"point_estimate":205.9651943952734,"standard_error":28.92886237233728},"Slope":{"confidence_interval":{"confidence_level":0.95,"lower_bound":5894.5650655177519,"upper_bound":6009.396411297864},"point_estimate":5949.242227991028,"standard_error":29.1916142948419},"StdDev":{"confidence_interval":{"confidence_level":0.95,"lower_bound":234.34374113278677,"upper_bound":382.64514180995476},"point_estimate":306.50511972577649,"standard_error":38.6062834528285}}