{"Mean":{"confidence_interval":{"confidence_level":0.95,"lower_bound":6983.4115713925,"upper_bound":7200.654116234953},"point_estimate":7089.502992051541,"standard_error":55.35044791382155},"Median":{"confidence_interval":{"confidence_level":0.95,"lower_bound":6880.462629569012,"upper_bound":7186.403575245312},"point_estimate":7051.1717971501379,"standard_error":72.21560039832902},"MedianAbsDev":{"confidence_interval":{"confidence_level":0.95,"lower_bound":438.03223235299159,"upper_bound":657.0627011594465},"point_estimate":533.2592932962323,"standard_error":56.0300308844704},"Slope":{"confidence_interval":{"confidence_level":0.95,"lower_bound":6910.144984413388,"upper_bound":7106.273180909756},"point_estimate":7004.234255602124,"standard_error":50.06354966380472},"StdDev":{"confidence_interval":{"confidence_level":0.95,"lower_bound":459.5473788962751,"upper_bound":657.0658462631426},"point_estimate":556.1438224950746,"standard_error":51.062515916180299}}