{"Mean":{"confidence_interval":{"confidence_level":0.95,"lower_bound":7231.451821509106,"upper_bound":7325.380327809134},"point_estimate":7277.4911732905579,"standard_error":23.966656766053963},"Median":{"confidence_interval":{"confidence_level":0.95,"lower_bound":7224.001124721917,"upper_bound":7342.507667797543},"point_estimate":7273.591817071282,"standard_error":36.313891846056709},"MedianAbsDev":{"confidence_interval":{"confidence_level":0.95,"lower_bound":133.38352822768887,"upper_bound":213.9428625166064},"point_estimate":167.20490416363553,"standard_error":19.256764038429883},"Slope":{"confidence_interval":{"confidence_level":0.95,"lower_bound":7228.945873533672,"upper_bound":7306.6687519836009},"point_estimate":7269.353614433601,"standard_error":19.825540997094405},"StdDev":{"confidence_interval":{"confidence_level":0.95,"lower_bound":188.14163175539455,"upper_bound":288.3663105712861},"point_estimate":240.7367755037699,"standard_error":25.665793954236699}}