{"Mean":{"confidence_interval":{"confidence_level":0.95,"lower_bound":2273.712758962915,"upper_bound":2354.8978601756059},"point_estimate":2311.859284312467,"standard_error":20.723657234980906},"Median":{"confidence_interval":{"confidence_level":0.95,"lower_bound":2200.9037664938416,"upper_bound":2300.354701173429},"point_estimate":2235.236931347718,"standard_error":26.15264610496989},"MedianAbsDev":{"confidence_interval":{"confidence_level":0.95,"lower_bound":78.0309281655528,"upper_bound":179.45087418929803},"point_estimate":116.85189595402072,"standard_error":26.677578245976969},"Slope":{"confidence_interval":{"confidence_level":0.95,"lower_bound":2277.699184694469,"upper_bound":2365.8283014060518},"point_estimate":2318.099503486843,"standard_error":22.57470698340322},"StdDev":{"confidence_interval":{"confidence_level":0.95,"lower_bound":147.37346150702704,"upper_bound":264.8690913820707},"point_estimate":208.20825378946894,"standard_error":30.123676228666854}}