{"Mean":{"confidence_interval":{"confidence_level":0.95,"lower_bound":2160.223962375007,"upper_bound":2210.670355660614},"point_estimate":2181.781281166854,"standard_error":13.040646163328594},"Median":{"confidence_interval":{"confidence_level":0.95,"lower_bound":2156.7994317097607,"upper_bound":2177.393327594491},"point_estimate":2170.1685509806586,"standard_error":5.376406862676086},"MedianAbsDev":{"confidence_interval":{"confidence_level":0.95,"lower_bound":32.98253963725174,"upper_bound":67.53343663779792},"point_estimate":47.51823227156965,"standard_error":8.957672146127355},"Slope":{"confidence_interval":{"confidence_level":0.95,"lower_bound":2148.079832695646,"upper_bound":2182.5713200498955},"point_estimate":2165.3425217207488,"standard_error":8.790308836039687},"StdDev":{"confidence_interval":{"confidence_level":0.95,"lower_bound":57.23789343160773,"upper_bound":203.86343281168926},"point_estimate":130.81987058996749,"standard_error":44.923937493119968}}