{"Mean":{"confidence_interval":{"confidence_level":0.95,"lower_bound":-0.14763509809215592,"upper_bound":-0.12099025179284527},"point_estimate":-0.1342983804518506,"standard_error":0.006806428893780879},"Median":{"confidence_interval":{"confidence_level":0.95,"lower_bound":-0.1431578829060398,"upper_bound":-0.10951858739725984},"point_estimate":-0.12763545973288249,"standard_error":0.008258138286576542}}