{"Mean":{"confidence_interval":{"confidence_level":0.95,"lower_bound":-0.14488949745639025,"upper_bound":-0.11640773608618949},"point_estimate":-0.13096408250242742,"standard_error":0.007258527359095082},"Median":{"confidence_interval":{"confidence_level":0.95,"lower_bound":-0.15136175132230868,"upper_bound":-0.11989461424991599},"point_estimate":-0.13536236507959244,"standard_error":0.0077029278669100268}}