{"Mean":{"confidence_interval":{"confidence_level":0.95,"lower_bound":6525.2911415755029,"upper_bound":6765.609107858242},"point_estimate":6640.662457716247,"standard_error":61.33187846912466},"Median":{"confidence_interval":{"confidence_level":0.95,"lower_bound":6464.523862129916,"upper_bound":6681.173971243748},"point_estimate":6567.233223513092,"standard_error":59.19823011085373},"MedianAbsDev":{"confidence_interval":{"confidence_level":0.95,"lower_bound":375.0156032228838,"upper_bound":601.1250092013211},"point_estimate":490.860907849548,"standard_error":57.85341817032224},"Slope":{"confidence_interval":{"confidence_level":0.95,"lower_bound":6252.2066999970679,"upper_bound":6454.321989470022},"point_estimate":6347.368671716691,"standard_error":51.60753421918202},"StdDev":{"confidence_interval":{"confidence_level":0.95,"lower_bound":462.68066591292247,"upper_bound":766.6098497549529},"point_estimate":617.7474544372608,"standard_error":78.05241188619749}}