{"Mean":{"confidence_interval":{"confidence_level":0.95,"lower_bound":7291.170639021606,"upper_bound":7384.670972886365},"point_estimate":7337.4974981863219,"standard_error":23.813769328113439},"Median":{"confidence_interval":{"confidence_level":0.95,"lower_bound":7273.212231807122,"upper_bound":7382.24052889793},"point_estimate":7324.57493106245,"standard_error":26.998190118226768},"MedianAbsDev":{"confidence_interval":{"confidence_level":0.95,"lower_bound":137.9213210042791,"upper_bound":232.036771095344},"point_estimate":181.79522109194057,"standard_error":24.59150562012422},"Slope":{"confidence_interval":{"confidence_level":0.95,"lower_bound":7170.1334697079769,"upper_bound":7347.924731983696},"point_estimate":7251.055581412156,"standard_error":45.4207100595595},"StdDev":{"confidence_interval":{"confidence_level":0.95,"lower_bound":185.3666769478877,"upper_bound":294.4604439871256},"point_estimate":239.8005365557539,"standard_error":28.097613088571245}}