{"Mean":{"confidence_interval":{"confidence_level":0.95,"lower_bound":95.31538724626566,"upper_bound":97.58813931989759},"point_estimate":96.41807785536601,"standard_error":0.5785003485231518},"Median":{"confidence_interval":{"confidence_level":0.95,"lower_bound":92.8953588176185,"upper_bound":95.1130587368864},"point_estimate":93.45526047772568,"standard_error":0.5697802330036067},"MedianAbsDev":{"confidence_interval":{"confidence_level":0.95,"lower_bound":1.9269792775608786,"upper_bound":5.531008197259368},"point_estimate":3.1210182341917949,"standard_error":0.9158384147117604},"Slope":{"confidence_interval":{"confidence_level":0.95,"lower_bound":97.77357827219575,"upper_bound":100.96933450393},"point_estimate":99.39567381742987,"standard_error":0.8146735727124849},"StdDev":{"confidence_interval":{"confidence_level":0.95,"lower_bound":4.815585414334585,"upper_bound":6.799119088538217},"point_estimate":5.794973482570483,"standard_error":0.50912076235359}}