{"Mean":{"confidence_interval":{"confidence_level":0.95,"lower_bound":120.44567219058745,"upper_bound":123.5770203621859},"point_estimate":121.88187182376822,"standard_error":0.8021645334341208},"Median":{"confidence_interval":{"confidence_level":0.95,"lower_bound":119.64555854448688,"upper_bound":121.34397543532339},"point_estimate":120.49188827601125,"standard_error":0.4096460360929013},"MedianAbsDev":{"confidence_interval":{"confidence_level":0.95,"lower_bound":3.4173745276649676,"upper_bound":5.465041765077086},"point_estimate":4.623466403086157,"standard_error":0.49300904293182837},"Slope":{"confidence_interval":{"confidence_level":0.95,"lower_bound":118.13146774457448,"upper_bound":120.51437644456074},"point_estimate":119.26627620873025,"standard_error":0.6069386073340168},"StdDev":{"confidence_interval":{"confidence_level":0.95,"lower_bound":4.919308995592704,"upper_bound":11.293748386168046},"point_estimate":8.044864701932314,"standard_error":1.752620648899118}}