{"Mean":{"confidence_interval":{"confidence_level":0.95,"lower_bound":887.615725584713,"upper_bound":903.5008424027795},"point_estimate":895.3252885573372,"standard_error":4.044780371190982},"Median":{"confidence_interval":{"confidence_level":0.95,"lower_bound":877.2654695875809,"upper_bound":890.6899250441265},"point_estimate":883.3397677169588,"standard_error":3.347315560893123},"MedianAbsDev":{"confidence_interval":{"confidence_level":0.95,"lower_bound":13.301776452001228,"upper_bound":27.59506514753792},"point_estimate":20.177172116127069,"standard_error":3.677470341446527},"Slope":{"confidence_interval":{"confidence_level":0.95,"lower_bound":884.7111924859722,"upper_bound":900.8623642952247},"point_estimate":892.4438398546122,"standard_error":4.126064937745094},"StdDev":{"confidence_interval":{"confidence_level":0.95,"lower_bound":31.278176802926557,"upper_bound":49.04913779845604},"point_estimate":40.63563618056552,"standard_error":4.556258558698991}}