{"Mean":{"confidence_interval":{"confidence_level":0.95,"lower_bound":2020.7800060765492,"upper_bound":2045.927639375017},"point_estimate":2033.1558076343898,"standard_error":6.421481014178762},"Median":{"confidence_interval":{"confidence_level":0.95,"lower_bound":2015.8307763830777,"upper_bound":2039.7224118350269},"point_estimate":2023.5835434384665,"standard_error":6.610858425119766},"MedianAbsDev":{"confidence_interval":{"confidence_level":0.95,"lower_bound":37.80308990477171,"upper_bound":66.43941834115846},"point_estimate":51.42413494395535,"standard_error":7.516979725348905},"Slope":{"confidence_interval":{"confidence_level":0.95,"lower_bound":2017.2814813605663,"upper_bound":2044.1651831075758},"point_estimate":2030.5486674069894,"standard_error":6.8593886578719609},"StdDev":{"confidence_interval":{"confidence_level":0.95,"lower_bound":52.74479982810357,"upper_bound":75.35868012562385},"point_estimate":64.5814224609202,"standard_error":5.778133317321666}}