{"Mean":{"confidence_interval":{"confidence_level":0.95,"lower_bound":2062.5537571325819,"upper_bound":2087.8751376660786},"point_estimate":2075.080576202415,"standard_error":6.47432375689507},"Median":{"confidence_interval":{"confidence_level":0.95,"lower_bound":2057.7442058937397,"upper_bound":2090.907336780866},"point_estimate":2072.3927303264119,"standard_error":9.41513329582147},"MedianAbsDev":{"confidence_interval":{"confidence_level":0.95,"lower_bound":46.73305520007313,"upper_bound":72.36404486857028},"point_estimate":60.48550539941158,"standard_error":6.5742576051788179},"Slope":{"confidence_interval":{"confidence_level":0.95,"lower_bound":2046.616676218308,"upper_bound":2071.4423440561788},"point_estimate":2059.0195934981059,"standard_error":6.338697408117353},"StdDev":{"confidence_interval":{"confidence_level":0.95,"lower_bound":54.83947412830626,"upper_bound":74.21524916527031},"point_estimate":65.09435046851852,"standard_error":4.943864661042576}}