{"Mean":{"confidence_interval":{"confidence_level":0.95,"lower_bound":-0.0332580716701118,"upper_bound":0.011600072740389238},"point_estimate":-0.011642152867981204,"standard_error":0.011450502754721927},"Median":{"confidence_interval":{"confidence_level":0.95,"lower_bound":-0.04387656572896592,"upper_bound":-0.0034602167807609165},"point_estimate":-0.021333217217841539,"standard_error":0.010651914731859419}}