{"Mean":{"confidence_interval":{"confidence_level":0.95,"lower_bound":-0.10794114405719146,"upper_bound":-0.07197167612946562},"point_estimate":-0.08956495599684089,"standard_error":0.009199756532529552},"Median":{"confidence_interval":{"confidence_level":0.95,"lower_bound":-0.08335607462515926,"upper_bound":-0.06056291786609702},"point_estimate":-0.07296688993226786,"standard_error":0.005372606552862936}}