{"Mean":{"confidence_interval":{"confidence_level":0.95,"lower_bound":12255578.523427112,"upper_bound":12462603.06928587},"point_estimate":12355811.978101533,"standard_error":52605.93568028544},"Median":{"confidence_interval":{"confidence_level":0.95,"lower_bound":12265740.777777778,"upper_bound":12439936.211879977},"point_estimate":12369892.672619049,"standard_error":46686.197372630755},"MedianAbsDev":{"confidence_interval":{"confidence_level":0.95,"lower_bound":300618.99643729379,"upper_bound":538186.3643831672},"point_estimate":395646.2023072457,"standard_error":59487.670799897205},"Slope":{"confidence_interval":{"confidence_level":0.95,"lower_bound":12175142.51625518,"upper_bound":12333656.751714008},"point_estimate":12257709.130350229,"standard_error":40554.49189305294},"StdDev":{"confidence_interval":{"confidence_level":0.95,"lower_bound":396971.66940155389,"upper_bound":676674.9238268343},"point_estimate":528421.6648748216,"standard_error":74305.59606075243}}