{"Mean":{"confidence_interval":{"confidence_level":0.95,"lower_bound":11271143.992499123,"upper_bound":11372045.346119022},"point_estimate":11320480.337708962,"standard_error":25724.024746491614},"Median":{"confidence_interval":{"confidence_level":0.95,"lower_bound":11254878.0,"upper_bound":11361484.222222222},"point_estimate":11320060.649068322,"standard_error":26735.65379591112},"MedianAbsDev":{"confidence_interval":{"confidence_level":0.95,"lower_bound":158768.0324978408,"upper_bound":282223.5177617332},"point_estimate":220571.87696497667,"standard_error":31156.800584170913},"Slope":{"confidence_interval":{"confidence_level":0.95,"lower_bound":11257881.383628739,"upper_bound":11359739.728947655},"point_estimate":11307704.040880746,"standard_error":25951.565316475157},"StdDev":{"confidence_interval":{"confidence_level":0.95,"lower_bound":208231.71887753524,"upper_bound":304003.4695864257},"point_estimate":258002.35556300556,"standard_error":24486.025448512035}}