{"Mean":{"confidence_interval":{"confidence_level":0.95,"lower_bound":97.42471029014263,"upper_bound":100.44191572479014},"point_estimate":98.8323295070002,"standard_error":0.7725423018418653},"Median":{"confidence_interval":{"confidence_level":0.95,"lower_bound":95.93655431243524,"upper_bound":98.99951503911663},"point_estimate":97.79258085980443,"standard_error":0.6815870551657399},"MedianAbsDev":{"confidence_interval":{"confidence_level":0.95,"lower_bound":4.307447925006909,"upper_bound":7.0968914337149189},"point_estimate":5.941610754175113,"standard_error":0.715354530940932},"Slope":{"confidence_interval":{"confidence_level":0.95,"lower_bound":98.06303416030196,"upper_bound":100.05343261491665},"point_estimate":99.03952757147099,"standard_error":0.5067365954613194},"StdDev":{"confidence_interval":{"confidence_level":0.95,"lower_bound":5.160140305060673,"upper_bound":10.624438242834924},"point_estimate":7.747731013955023,"standard_error":1.5166477465067446}}