{"Mean":{"confidence_interval":{"confidence_level":0.95,"lower_bound":620176.8634270878,"upper_bound":639814.2625203518},"point_estimate":629676.6139047882,"standard_error":4996.253934945207},"Median":{"confidence_interval":{"confidence_level":0.95,"lower_bound":602324.8534936999,"upper_bound":629940.094047619},"point_estimate":613231.9893996248,"standard_error":7023.394845714959},"MedianAbsDev":{"confidence_interval":{"confidence_level":0.95,"lower_bound":29699.16899221825,"upper_bound":53989.84482023867},"point_estimate":43910.711673553975,"standard_error":6311.113709404886},"Slope":{"confidence_interval":{"confidence_level":0.95,"lower_bound":615820.0455349152,"upper_bound":640030.9673600877},"point_estimate":627417.7711792523,"standard_error":6182.191151229882},"StdDev":{"confidence_interval":{"confidence_level":0.95,"lower_bound":40852.01382974905,"upper_bound":59863.01423049184},"point_estimate":50223.40221926001,"standard_error":4902.171601101918}}