{"Mean":{"confidence_interval":{"confidence_level":0.95,"lower_bound":1685.703650747137,"upper_bound":1709.4956729952092},"point_estimate":1697.5229903339089,"standard_error":6.065913289103022},"Median":{"confidence_interval":{"confidence_level":0.95,"lower_bound":1687.1005754620213,"upper_bound":1710.5564914165275},"point_estimate":1703.966480830153,"standard_error":6.50712262481847},"MedianAbsDev":{"confidence_interval":{"confidence_level":0.95,"lower_bound":32.904413798508539,"upper_bound":60.67527187210314},"point_estimate":49.07555101864743,"standard_error":7.3254726467341639},"Slope":{"confidence_interval":{"confidence_level":0.95,"lower_bound":1676.5120361971456,"upper_bound":1704.4238654561639},"point_estimate":1690.8189309311388,"standard_error":7.129314096125592},"StdDev":{"confidence_interval":{"confidence_level":0.95,"lower_bound":50.64787162611973,"upper_bound":70.2146983173289},"point_estimate":60.99484001059753,"standard_error":5.004499519917788}}