{"Mean":{"confidence_interval":{"confidence_level":0.95,"lower_bound":-0.04673588924176267,"upper_bound":-0.03468458822544133},"point_estimate":-0.040832981135280669,"standard_error":0.0030735772508555068},"Median":{"confidence_interval":{"confidence_level":0.95,"lower_bound":-0.05433875694962176,"upper_bound":-0.04075623799562822},"point_estimate":-0.04679891372574674,"standard_error":0.0033916670580695057}}