{"Mean":{"confidence_interval":{"confidence_level":0.95,"lower_bound":-0.08958080522517208,"upper_bound":-0.07729471043567818},"point_estimate":-0.08329033713471657,"standard_error":0.0031507355825777015},"Median":{"confidence_interval":{"confidence_level":0.95,"lower_bound":-0.09184739536334719,"upper_bound":-0.07433451971316629},"point_estimate":-0.08620498392592269,"standard_error":0.004566567199598151}}