{"Mean":{"confidence_interval":{"confidence_level":0.95,"lower_bound":-0.01758900992074809,"upper_bound":-0.007000388860051102},"point_estimate":-0.012322425622743994,"standard_error":0.0026937515434543688},"Median":{"confidence_interval":{"confidence_level":0.95,"lower_bound":-0.017141609235954315,"upper_bound":-0.00535395841643016},"point_estimate":-0.011112782198410276,"standard_error":0.0031116110405550528}}