{"Mean":{"confidence_interval":{"confidence_level":0.95,"lower_bound":-0.15693485406169753,"upper_bound":-0.14292002473479605},"point_estimate":-0.14956391154052219,"standard_error":0.0035762241599589259},"Median":{"confidence_interval":{"confidence_level":0.95,"lower_bound":-0.15100467880403577,"upper_bound":-0.13933668873185546},"point_estimate":-0.14527264098093774,"standard_error":0.0029807538482792678}}