{"Mean":{"confidence_interval":{"confidence_level":0.95,"lower_bound":11356503.171278034,"upper_bound":11464813.23876886},"point_estimate":11409264.923784392,"standard_error":27505.070064030046},"Median":{"confidence_interval":{"confidence_level":0.95,"lower_bound":11321820.56521739,"upper_bound":11425622.666666666},"point_estimate":11372934.426767677,"standard_error":29842.221313474827},"MedianAbsDev":{"confidence_interval":{"confidence_level":0.95,"lower_bound":170183.88750401239,"upper_bound":259224.49557584563},"point_estimate":218075.36106287517,"standard_error":22464.952310552115},"Slope":{"confidence_interval":{"confidence_level":0.95,"lower_bound":11339282.107873094,"upper_bound":11431858.81685255},"point_estimate":11383874.03653022,"standard_error":23602.899283151513},"StdDev":{"confidence_interval":{"confidence_level":0.95,"lower_bound":212836.03015497689,"upper_bound":335664.11950094319},"point_estimate":276550.4658809794,"standard_error":31429.213521077727}}