{"Mean":{"confidence_interval":{"confidence_level":0.95,"lower_bound":1865.4889440422292,"upper_bound":1969.446898206849},"point_estimate":1914.6440431620802,"standard_error":26.64773924324962},"Median":{"confidence_interval":{"confidence_level":0.95,"lower_bound":1795.4493904693268,"upper_bound":1851.647619047619},"point_estimate":1821.9911479591838,"standard_error":16.20511865494818},"MedianAbsDev":{"confidence_interval":{"confidence_level":0.95,"lower_bound":72.03914244775764,"upper_bound":145.459916474301},"point_estimate":99.0728128629755,"standard_error":18.91648554182163},"Slope":{"confidence_interval":{"confidence_level":0.95,"lower_bound":1779.976015879173,"upper_bound":1826.375012331808},"point_estimate":1800.8416247153805,"standard_error":11.835396404903659},"StdDev":{"confidence_interval":{"confidence_level":0.95,"lower_bound":191.84364871195127,"upper_bound":330.1418048349524},"point_estimate":267.00061349435898,"standard_error":35.37113327487544}}