{"Mean":{"confidence_interval":{"confidence_level":0.95,"lower_bound":-0.07731573230281522,"upper_bound":-0.042247829321619318},"point_estimate":-0.059134589273850627,"standard_error":0.00895194971363935},"Median":{"confidence_interval":{"confidence_level":0.95,"lower_bound":-0.05501429842203698,"upper_bound":-0.02192873511573746},"point_estimate":-0.03738975572459058,"standard_error":0.008124958827218736}}