{"Mean":{"confidence_interval":{"confidence_level":0.95,"lower_bound":-0.05027685774158042,"upper_bound":-0.012000544522469304},"point_estimate":-0.031567930461028129,"standard_error":0.009873168534833357},"Median":{"confidence_interval":{"confidence_level":0.95,"lower_bound":-0.07264652775578817,"upper_bound":-0.03224734494507886},"point_estimate":-0.0529339643001876,"standard_error":0.010250936080215996}}