{"Mean":{"confidence_interval":{"confidence_level":0.95,"lower_bound":8395.48285840869,"upper_bound":8512.791658616388},"point_estimate":8452.577094048147,"standard_error":29.79268785039904},"Median":{"confidence_interval":{"confidence_level":0.95,"lower_bound":8403.630084745762,"upper_bound":8532.243632994745},"point_estimate":8462.316993755576,"standard_error":32.45132321918515},"MedianAbsDev":{"confidence_interval":{"confidence_level":0.95,"lower_bound":153.74039678797124,"upper_bound":270.9892719218744},"point_estimate":198.9290427651961,"standard_error":29.51639062659207},"Slope":{"confidence_interval":{"confidence_level":0.95,"lower_bound":8372.759664227868,"upper_bound":8482.98860890821},"point_estimate":8427.817967829922,"standard_error":28.189110134294994},"StdDev":{"confidence_interval":{"confidence_level":0.95,"lower_bound":231.64662635801163,"upper_bound":371.87131234728499},"point_estimate":300.30624130007245,"standard_error":36.37538400953725}}