{"Mean":{"confidence_interval":{"confidence_level":0.95,"lower_bound":-0.0317859610780701,"upper_bound":-0.0113743703643931},"point_estimate":-0.021366644067348007,"standard_error":0.005196383502126783},"Median":{"confidence_interval":{"confidence_level":0.95,"lower_bound":-0.02252959196454485,"upper_bound":-0.00491786562248131},"point_estimate":-0.011948756344807743,"standard_error":0.004338393224094212}}