{"Mean":{"confidence_interval":{"confidence_level":0.95,"lower_bound":-0.017362485329425905,"upper_bound":0.008370355471933324},"point_estimate":-0.00459915205351924,"standard_error":0.00657724885799695},"Median":{"confidence_interval":{"confidence_level":0.95,"lower_bound":-0.01144861075619108,"upper_bound":0.006579446590543325},"point_estimate":-0.0033296004537909376,"standard_error":0.004401771386968083}}