{"Mean":{"confidence_interval":{"confidence_level":0.95,"lower_bound":-0.05836733321082036,"upper_bound":-0.03536151327031937},"point_estimate":-0.046790147074828428,"standard_error":0.0058751669753905658},"Median":{"confidence_interval":{"confidence_level":0.95,"lower_bound":-0.04686630371361078,"upper_bound":-0.02220308460176812},"point_estimate":-0.03620448390408704,"standard_error":0.006199133052858186}}