{"Mean":{"confidence_interval":{"confidence_level":0.95,"lower_bound":-0.1829649694610576,"upper_bound":-0.16011179278753719},"point_estimate":-0.17179480327628517,"standard_error":0.005824702376319402},"Median":{"confidence_interval":{"confidence_level":0.95,"lower_bound":-0.18265495361558505,"upper_bound":-0.15938679433427639},"point_estimate":-0.17028504029063452,"standard_error":0.005895303665244908}}