{"Mean":{"confidence_interval":{"confidence_level":0.95,"lower_bound":-0.14915131971515273,"upper_bound":-0.10705846200960673},"point_estimate":-0.12864141529016016,"standard_error":0.010729277244123478},"Median":{"confidence_interval":{"confidence_level":0.95,"lower_bound":-0.1782106665080876,"upper_bound":-0.10715512440195936},"point_estimate":-0.154982738521093,"standard_error":0.01845859562826445}}