{"Mean":{"confidence_interval":{"confidence_level":0.95,"lower_bound":0.08902422593613213,"upper_bound":0.12903015893398915},"point_estimate":0.10911444284843963,"standard_error":0.010167501770644355},"Median":{"confidence_interval":{"confidence_level":0.95,"lower_bound":0.09323409699500444,"upper_bound":0.14949078597089478},"point_estimate":0.12541542836013054,"standard_error":0.014512473118832218}}