{"Mean":{"confidence_interval":{"confidence_level":0.95,"lower_bound":-0.11186137876778547,"upper_bound":-0.07663528219200999},"point_estimate":-0.09496903278567626,"standard_error":0.008882588399346166},"Median":{"confidence_interval":{"confidence_level":0.95,"lower_bound":-0.11993053721221625,"upper_bound":-0.08637258499851852},"point_estimate":-0.10339735952970908,"standard_error":0.008885087545451934}}