{"Mean":{"confidence_interval":{"confidence_level":0.95,"lower_bound":-0.15048320104679553,"upper_bound":-0.11553445951867297},"point_estimate":-0.1327885019725844,"standard_error":0.008921812241302009},"Median":{"confidence_interval":{"confidence_level":0.95,"lower_bound":-0.14373301138723239,"upper_bound":-0.10987738459974284},"point_estimate":-0.12622514168393374,"standard_error":0.008897806368292488}}