{"Mean":{"confidence_interval":{"confidence_level":0.95,"lower_bound":916.7617656919204,"upper_bound":935.0175983891197},"point_estimate":925.5833333050764,"standard_error":4.659010427725797},"Median":{"confidence_interval":{"confidence_level":0.95,"lower_bound":905.9051016893907,"upper_bound":925.9070030386545},"point_estimate":914.0293975419779,"standard_error":4.732555710041838},"MedianAbsDev":{"confidence_interval":{"confidence_level":0.95,"lower_bound":26.384155109908904,"upper_bound":42.43818578635472},"point_estimate":32.95507701842772,"standard_error":3.9416424812655448},"Slope":{"confidence_interval":{"confidence_level":0.95,"lower_bound":902.4584145402456,"upper_bound":926.4428046401064},"point_estimate":913.2652511361316,"standard_error":6.15503778473642},"StdDev":{"confidence_interval":{"confidence_level":0.95,"lower_bound":36.88957171753055,"upper_bound":55.660091957434257},"point_estimate":46.97159631834332,"standard_error":4.8053811629542679}}