{"Mean":{"confidence_interval":{"confidence_level":0.95,"lower_bound":870.728290534746,"upper_bound":888.005181436274},"point_estimate":878.8109741818324,"standard_error":4.416882470588254},"Median":{"confidence_interval":{"confidence_level":0.95,"lower_bound":868.5898668232014,"upper_bound":873.988393723714},"point_estimate":871.7084111395723,"standard_error":1.3165079511980882},"MedianAbsDev":{"confidence_interval":{"confidence_level":0.95,"lower_bound":15.340999356372663,"upper_bound":29.667719536718179},"point_estimate":24.80742920689761,"standard_error":3.4719117898727629},"Slope":{"confidence_interval":{"confidence_level":0.95,"lower_bound":862.4647621036353,"upper_bound":878.2401124895479},"point_estimate":870.0034009666968,"standard_error":4.018144671503539},"StdDev":{"confidence_interval":{"confidence_level":0.95,"lower_bound":29.081084229094598,"upper_bound":57.7596898814792},"point_estimate":44.59303179110754,"standard_error":7.3570160449617909}}