{"Mean":{"confidence_interval":{"confidence_level":0.95,"lower_bound":23604144.996983474,"upper_bound":23801917.730169193},"point_estimate":23702693.222274528,"standard_error":50385.7916564532},"Median":{"confidence_interval":{"confidence_level":0.95,"lower_bound":23530530.957038996,"upper_bound":23748953.14844992},"point_estimate":23630129.44619403,"standard_error":51744.56075344809},"MedianAbsDev":{"confidence_interval":{"confidence_level":0.95,"lower_bound":335142.1652068691,"upper_bound":600025.0914070123},"point_estimate":436212.3319040442,"standard_error":68276.91480045028},"Slope":{"confidence_interval":{"confidence_level":0.95,"lower_bound":23647907.676794545,"upper_bound":23870946.816180044},"point_estimate":23757854.08495345,"standard_error":56911.928541865236},"StdDev":{"confidence_interval":{"confidence_level":0.95,"lower_bound":436987.1497188395,"upper_bound":571164.6624122817},"point_estimate":507888.9113445197,"standard_error":34181.94806713234}}