{"Mean":{"confidence_interval":{"confidence_level":0.95,"lower_bound":32349600.811551714,"upper_bound":32641798.648742398},"point_estimate":32496213.757645176,"standard_error":74560.02598116169},"Median":{"confidence_interval":{"confidence_level":0.95,"lower_bound":32290757.987522827,"upper_bound":32779755.461538465},"point_estimate":32644472.488933874,"standard_error":129589.0734185014},"MedianAbsDev":{"confidence_interval":{"confidence_level":0.95,"lower_bound":632487.8596057079,"upper_bound":970374.8243037394},"point_estimate":800312.8475456897,"standard_error":87163.14687547549},"Slope":{"confidence_interval":{"confidence_level":0.95,"lower_bound":32204692.982015946,"upper_bound":32607713.73124076},"point_estimate":32406990.579920204,"standard_error":102728.07438681463},"StdDev":{"confidence_interval":{"confidence_level":0.95,"lower_bound":657927.9314551102,"upper_bound":832009.7952398094},"point_estimate":749727.0776836325,"standard_error":44352.24959149679}}