{"Mean":{"confidence_interval":{"confidence_level":0.95,"lower_bound":268.9306390586356,"upper_bound":272.89243867175437},"point_estimate":270.84862151668826,"standard_error":1.0089027532380393},"Median":{"confidence_interval":{"confidence_level":0.95,"lower_bound":268.95850781268697,"upper_bound":273.00093907352956},"point_estimate":272.03929342534186,"standard_error":1.0624426375559298},"MedianAbsDev":{"confidence_interval":{"confidence_level":0.95,"lower_bound":5.518400076012857,"upper_bound":9.225456110662132},"point_estimate":7.795867556307177,"standard_error":0.9478540425954338},"Slope":{"confidence_interval":{"confidence_level":0.95,"lower_bound":269.0069554617085,"upper_bound":272.8189394978972},"point_estimate":270.9101589653047,"standard_error":0.9726459869563316},"StdDev":{"confidence_interval":{"confidence_level":0.95,"lower_bound":7.489746301783108,"upper_bound":13.056348405186635},"point_estimate":10.14998419990427,"standard_error":1.474031402425281}}