{"Mean":{"confidence_interval":{"confidence_level":0.95,"lower_bound":5655.524480822465,"upper_bound":5764.031013855368},"point_estimate":5708.285076657642,"standard_error":27.63264299812835},"Median":{"confidence_interval":{"confidence_level":0.95,"lower_bound":5636.77533596,"upper_bound":5756.342241473249},"point_estimate":5677.543699061454,"standard_error":36.05259336324373},"MedianAbsDev":{"confidence_interval":{"confidence_level":0.95,"lower_bound":156.2299633682145,"upper_bound":273.6772478841134},"point_estimate":214.00885334306919,"standard_error":31.03578589651866},"Slope":{"confidence_interval":{"confidence_level":0.95,"lower_bound":5610.087856909483,"upper_bound":5707.313209084532},"point_estimate":5658.2458207140439,"standard_error":24.756470003832665},"StdDev":{"confidence_interval":{"confidence_level":0.95,"lower_bound":217.77763246146223,"upper_bound":336.4251960103973},"point_estimate":277.66451632682228,"standard_error":30.62044758576679}}