{"Mean":{"confidence_interval":{"confidence_level":0.95,"lower_bound":0.030686760982000264,"upper_bound":0.06264318913856652},"point_estimate":0.046913682994923048,"standard_error":0.008156187086846593},"Median":{"confidence_interval":{"confidence_level":0.95,"lower_bound":0.04407789860452849,"upper_bound":0.07145380288190584},"point_estimate":0.05735640841403189,"standard_error":0.00703868658327582}}