{"Mean":{"confidence_interval":{"confidence_level":0.95,"lower_bound":-0.10039609502687753,"upper_bound":-0.07611756911214984},"point_estimate":-0.0882677878014213,"standard_error":0.00618689664821658},"Median":{"confidence_interval":{"confidence_level":0.95,"lower_bound":-0.1047600010496014,"upper_bound":-0.08377164293163866},"point_estimate":-0.09401762307112871,"standard_error":0.005244367419720815}}