{"Mean":{"confidence_interval":{"confidence_level":0.95,"lower_bound":202.9255860409045,"upper_bound":205.46779575863733},"point_estimate":204.18696925666476,"standard_error":0.6470145666683148},"Median":{"confidence_interval":{"confidence_level":0.95,"lower_bound":202.90171629749157,"upper_bound":205.47271577999445},"point_estimate":204.62019198036655,"standard_error":0.7217517332418306},"MedianAbsDev":{"confidence_interval":{"confidence_level":0.95,"lower_bound":3.7511421232542787,"upper_bound":6.48444709767502},"point_estimate":4.997927923624505,"standard_error":0.7148906225947158},"Slope":{"confidence_interval":{"confidence_level":0.95,"lower_bound":201.3692696802742,"upper_bound":204.17305950810823},"point_estimate":202.78375069174019,"standard_error":0.7145264435632106},"StdDev":{"confidence_interval":{"confidence_level":0.95,"lower_bound":5.303413197463889,"upper_bound":7.693511341431732},"point_estimate":6.517206312528707,"standard_error":0.6114031211592136}}