{"Mean":{"confidence_interval":{"confidence_level":0.95,"lower_bound":-0.03116230822789281,"upper_bound":-0.0044984484429608979},"point_estimate":-0.01844504403769809,"standard_error":0.006758805250247208},"Median":{"confidence_interval":{"confidence_level":0.95,"lower_bound":-0.02187192698018192,"upper_bound":-0.005932446141063141},"point_estimate":-0.013167477569190012,"standard_error":0.0040103982066548959}}