{"Mean":{"confidence_interval":{"confidence_level":0.95,"lower_bound":-0.04573613125102892,"upper_bound":-0.019838933977114609},"point_estimate":-0.032690783918605807,"standard_error":0.006623400192447655},"Median":{"confidence_interval":{"confidence_level":0.95,"lower_bound":-0.047548234909788437,"upper_bound":-0.02238705659162532},"point_estimate":-0.03357619558796476,"standard_error":0.006209392800756638}}