{"Mean":{"confidence_interval":{"confidence_level":0.95,"lower_bound":692482.3954246616,"upper_bound":704531.3488836156},"point_estimate":698383.4268057011,"standard_error":3083.4001758550136},"Median":{"confidence_interval":{"confidence_level":0.95,"lower_bound":682774.7297297297,"upper_bound":696504.942550505},"point_estimate":690140.7420343137,"standard_error":4119.072112820791},"MedianAbsDev":{"confidence_interval":{"confidence_level":0.95,"lower_bound":19697.516041557887,"upper_bound":34309.1903532387},"point_estimate":26851.255018343272,"standard_error":3779.113983064669},"Slope":{"confidence_interval":{"confidence_level":0.95,"lower_bound":688747.4968012851,"upper_bound":700636.6212747463},"point_estimate":694627.6064858874,"standard_error":3032.226613080867},"StdDev":{"confidence_interval":{"confidence_level":0.95,"lower_bound":25844.399368652925,"upper_bound":35729.581502270164},"point_estimate":31106.2440360928,"standard_error":2528.618075890234}}