{"Mean":{"confidence_interval":{"confidence_level":0.95,"lower_bound":709275.1958533803,"upper_bound":736669.7189840272},"point_estimate":722637.757811807,"standard_error":6978.152338186138},"Median":{"confidence_interval":{"confidence_level":0.95,"lower_bound":690209.4583333333,"upper_bound":738761.3958333334},"point_estimate":725703.5061347466,"standard_error":13076.073203197931},"MedianAbsDev":{"confidence_interval":{"confidence_level":0.95,"lower_bound":54201.03410975032,"upper_bound":95699.67621708216},"point_estimate":77494.71480548046,"standard_error":10107.91538519754},"Slope":{"confidence_interval":{"confidence_level":0.95,"lower_bound":708884.4093501115,"upper_bound":739617.2950814914},"point_estimate":724745.6429850747,"standard_error":7842.983765434676},"StdDev":{"confidence_interval":{"confidence_level":0.95,"lower_bound":57148.34170498839,"upper_bound":82545.59947858424},"point_estimate":70051.14149226884,"standard_error":6531.392476048215}}