{"Mean":{"confidence_interval":{"confidence_level":0.95,"lower_bound":-0.04601895247301965,"upper_bound":-0.015788366158340604},"point_estimate":-0.03095638140399326,"standard_error":0.00769157361487006},"Median":{"confidence_interval":{"confidence_level":0.95,"lower_bound":-0.03446272456177233,"upper_bound":-0.002810499292695834},"point_estimate":-0.02028327877471625,"standard_error":0.008085376383983328}}