{"Mean":{"confidence_interval":{"confidence_level":0.95,"lower_bound":-0.17021271679145318,"upper_bound":-0.13010264113427928},"point_estimate":-0.14999318528591999,"standard_error":0.01024203551335837},"Median":{"confidence_interval":{"confidence_level":0.95,"lower_bound":-0.1604609152757145,"upper_bound":-0.12287418794049243},"point_estimate":-0.13732746082693848,"standard_error":0.009751466579463473}}