{"Mean":{"confidence_interval":{"confidence_level":0.95,"lower_bound":-0.004649224771769585,"upper_bound":0.022327532341150287},"point_estimate":0.00867021826884784,"standard_error":0.006917497774411228},"Median":{"confidence_interval":{"confidence_level":0.95,"lower_bound":0.0027764742056104248,"upper_bound":0.025733821067432495},"point_estimate":0.015649067081276115,"standard_error":0.00615809132520163}}