{"Mean":{"confidence_interval":{"confidence_level":0.95,"lower_bound":-0.09063654584893979,"upper_bound":-0.06806537898710125},"point_estimate":-0.07929700941452667,"standard_error":0.005756349873224666},"Median":{"confidence_interval":{"confidence_level":0.95,"lower_bound":-0.09244823321038365,"upper_bound":-0.07930557810558614},"point_estimate":-0.08733335317788582,"standard_error":0.0033372489469406807}}