{"Mean":{"confidence_interval":{"confidence_level":0.95,"lower_bound":-0.08832158240650905,"upper_bound":-0.060232743080636228},"point_estimate":-0.07410206690867727,"standard_error":0.007180916734274424},"Median":{"confidence_interval":{"confidence_level":0.95,"lower_bound":-0.0924353684386574,"upper_bound":-0.05807044746955526},"point_estimate":-0.07909279354517607,"standard_error":0.008845050006568463}}