{"Mean":{"confidence_interval":{"confidence_level":0.95,"lower_bound":-0.010124852347493052,"upper_bound":0.016055348768930379},"point_estimate":0.0029512762749610568,"standard_error":0.0066580979284706159},"Median":{"confidence_interval":{"confidence_level":0.95,"lower_bound":-0.007547134886250362,"upper_bound":0.020399723429551654},"point_estimate":0.005670946711018754,"standard_error":0.0067018550913568639}}