{"Mean":{"confidence_interval":{"confidence_level":0.95,"lower_bound":-0.01069744010619867,"upper_bound":0.01705673635439293},"point_estimate":0.0027381176693532795,"standard_error":0.007083411212102786},"Median":{"confidence_interval":{"confidence_level":0.95,"lower_bound":-0.007307843466418584,"upper_bound":0.018153619065006456},"point_estimate":0.005258628310645497,"standard_error":0.0066794122357080039}}