{"Mean":{"confidence_interval":{"confidence_level":0.95,"lower_bound":-0.11780223524108938,"upper_bound":-0.08521765511749349},"point_estimate":-0.10140204506776862,"standard_error":0.008314276072336057},"Median":{"confidence_interval":{"confidence_level":0.95,"lower_bound":-0.12181915154490986,"upper_bound":-0.09861808348715051},"point_estimate":-0.11008214270797434,"standard_error":0.005997385215820606}}