{"Mean":{"confidence_interval":{"confidence_level":0.95,"lower_bound":2045.1485034670516,"upper_bound":2074.522401517914},"point_estimate":2059.2243066231937,"standard_error":7.494340895360953},"Median":{"confidence_interval":{"confidence_level":0.95,"lower_bound":2035.9717896174864,"upper_bound":2072.9014207650277},"point_estimate":2059.5064595155529,"standard_error":8.06427035688046},"MedianAbsDev":{"confidence_interval":{"confidence_level":0.95,"lower_bound":48.8551699168222,"upper_bound":74.37837550271014},"point_estimate":61.579884425864367,"standard_error":6.631095747208298},"Slope":{"confidence_interval":{"confidence_level":0.95,"lower_bound":2018.9481836717612,"upper_bound":2051.097949578585},"point_estimate":2034.9006114533646,"standard_error":8.222399048565374},"StdDev":{"confidence_interval":{"confidence_level":0.95,"lower_bound":55.57060785884572,"upper_bound":95.85123275942306},"point_estimate":75.15370442995035,"standard_error":10.509992157981307}}