{"Mean":{"confidence_interval":{"confidence_level":0.95,"lower_bound":3848794.1089623735,"upper_bound":3960122.5256873576},"point_estimate":3903197.385206492,"standard_error":28356.83278236373},"Median":{"confidence_interval":{"confidence_level":0.95,"lower_bound":3813338.0102040816,"upper_bound":3957678.461038961},"point_estimate":3858742.053113553,"standard_error":38067.13839516626},"MedianAbsDev":{"confidence_interval":{"confidence_level":0.95,"lower_bound":225105.19568807988,"upper_bound":340953.8165851931},"point_estimate":284033.0378108941,"standard_error":29195.501838396165},"Slope":{"confidence_interval":{"confidence_level":0.95,"lower_bound":3827219.6161003357,"upper_bound":3938153.892749296},"point_estimate":3885575.4714289938,"standard_error":28251.90651035292},"StdDev":{"confidence_interval":{"confidence_level":0.95,"lower_bound":234193.3975219944,"upper_bound":332291.1490735849},"point_estimate":285063.523340557,"standard_error":25108.087739929637}}