{"Mean":{"confidence_interval":{"confidence_level":0.95,"lower_bound":3733037.2565029708,"upper_bound":3825241.1461240148},"point_estimate":3778076.222879171,"standard_error":23551.775092984386},"Median":{"confidence_interval":{"confidence_level":0.95,"lower_bound":3702221.845833333,"upper_bound":3798228.0131034485},"point_estimate":3772498.337292694,"standard_error":26672.523380111208},"MedianAbsDev":{"confidence_interval":{"confidence_level":0.95,"lower_bound":181920.3541302679,"upper_bound":272714.0064850526},"point_estimate":227731.09952196465,"standard_error":23479.945892788808},"Slope":{"confidence_interval":{"confidence_level":0.95,"lower_bound":3745608.0537013758,"upper_bound":3820646.71082378},"point_estimate":3785066.9537934095,"standard_error":19157.354390706743},"StdDev":{"confidence_interval":{"confidence_level":0.95,"lower_bound":189702.78266186134,"upper_bound":282288.4746012218},"point_estimate":236267.70997041983,"standard_error":23794.86504828264}}