{"Mean":{"confidence_interval":{"confidence_level":0.95,"lower_bound":3588664.2933423768,"upper_bound":3641535.213659546},"point_estimate":3615129.669546942,"standard_error":13455.615348391519},"Median":{"confidence_interval":{"confidence_level":0.95,"lower_bound":3566079.3092783505,"upper_bound":3654810.7892219389},"point_estimate":3616802.5385714287,"standard_error":24822.023490977062},"MedianAbsDev":{"confidence_interval":{"confidence_level":0.95,"lower_bound":118522.98005204648,"upper_bound":171809.17982053472},"point_estimate":152293.6064377989,"standard_error":13647.49030851281},"Slope":{"confidence_interval":{"confidence_level":0.95,"lower_bound":3536166.1287341907,"upper_bound":3602896.2479221269},"point_estimate":3568596.1472292009,"standard_error":17094.849757004413},"StdDev":{"confidence_interval":{"confidence_level":0.95,"lower_bound":117089.20925281893,"upper_bound":152304.4081930996},"point_estimate":135408.70047562093,"standard_error":9011.517732982005}}