{"Mean":{"confidence_interval":{"confidence_level":0.95,"lower_bound":88.51367811828583,"upper_bound":89.46739747969565},"point_estimate":88.98582019273947,"standard_error":0.24420979341614597},"Median":{"confidence_interval":{"confidence_level":0.95,"lower_bound":88.25356946300809,"upper_bound":89.59074458726357},"point_estimate":89.06023094254403,"standard_error":0.2841051217645403},"MedianAbsDev":{"confidence_interval":{"confidence_level":0.95,"lower_bound":1.6210826639232832,"upper_bound":2.752877471093433},"point_estimate":2.0918064691921285,"standard_error":0.2983438827129679},"Slope":{"confidence_interval":{"confidence_level":0.95,"lower_bound":88.50515317646063,"upper_bound":89.95962398083545},"point_estimate":89.23026955513019,"standard_error":0.37185347175065405},"StdDev":{"confidence_interval":{"confidence_level":0.95,"lower_bound":2.06242722844749,"upper_bound":2.8221473529031786},"point_estimate":2.460703930262922,"standard_error":0.19347372365232835}}