{"Mean":{"confidence_interval":{"confidence_level":0.95,"lower_bound":13986.35171182605,"upper_bound":14226.6997201579},"point_estimate":14102.568922221302,"standard_error":61.17532498522299},"Median":{"confidence_interval":{"confidence_level":0.95,"lower_bound":13837.531209625322,"upper_bound":14078.209865520283},"point_estimate":13925.295876399654,"standard_error":67.00717588034867},"MedianAbsDev":{"confidence_interval":{"confidence_level":0.95,"lower_bound":329.4571970557291,"upper_bound":602.126728427762},"point_estimate":445.958469238122,"standard_error":66.61550990655738},"Slope":{"confidence_interval":{"confidence_level":0.95,"lower_bound":13901.914314499922,"upper_bound":14146.576231237756},"point_estimate":14015.281352314336,"standard_error":62.45383029873795},"StdDev":{"confidence_interval":{"confidence_level":0.95,"lower_bound":495.4154415734242,"upper_bound":718.2871293374765},"point_estimate":614.6857935244681,"standard_error":56.877921720082898}}