{"Mean":{"confidence_interval":{"confidence_level":0.95,"lower_bound":11958.6811458991,"upper_bound":12097.949560758128},"point_estimate":12027.948304117435,"standard_error":35.38156619455838},"Median":{"confidence_interval":{"confidence_level":0.95,"lower_bound":11957.515180722892,"upper_bound":12119.051273274918},"point_estimate":12056.963803933684,"standard_error":38.969819864828078},"MedianAbsDev":{"confidence_interval":{"confidence_level":0.95,"lower_bound":195.18645557089165,"upper_bound":345.7706547438397},"point_estimate":289.459907636212,"standard_error":37.40398138375384},"Slope":{"confidence_interval":{"confidence_level":0.95,"lower_bound":11860.699294405094,"upper_bound":12023.713437947205},"point_estimate":11942.040539257667,"standard_error":41.549482202671},"StdDev":{"confidence_interval":{"confidence_level":0.95,"lower_bound":289.0099960951406,"upper_bound":414.1133841398553},"point_estimate":355.26831350199157,"standard_error":31.952805721279878}}