{"Mean":{"confidence_interval":{"confidence_level":0.95,"lower_bound":-0.05685434337851602,"upper_bound":-0.03347772264493905},"point_estimate":-0.04507133404644692,"standard_error":0.005942864804852171},"Median":{"confidence_interval":{"confidence_level":0.95,"lower_bound":-0.04254957850351104,"upper_bound":-0.0168409682053956},"point_estimate":-0.030149910097852174,"standard_error":0.006701251539411014}}