{"Mean":{"confidence_interval":{"confidence_level":0.95,"lower_bound":-0.11155816113853665,"upper_bound":-0.08777845083010973},"point_estimate":-0.09976735491748257,"standard_error":0.006028859137341605},"Median":{"confidence_interval":{"confidence_level":0.95,"lower_bound":-0.11497189779619033,"upper_bound":-0.09196339062184478},"point_estimate":-0.10321116701207123,"standard_error":0.005913200159231437}}