{"Mean":{"confidence_interval":{"confidence_level":0.95,"lower_bound":1588.0792009851335,"upper_bound":1609.1991183286037},"point_estimate":1598.7080887521384,"standard_error":5.401935386144888},"Median":{"confidence_interval":{"confidence_level":0.95,"lower_bound":1598.349380360058,"upper_bound":1606.325},"point_estimate":1602.2175737172664,"standard_error":2.1623749980401145},"MedianAbsDev":{"confidence_interval":{"confidence_level":0.95,"lower_bound":27.431891972730573,"upper_bound":51.18572245192747},"point_estimate":39.708905639288349,"standard_error":6.558697225776845},"Slope":{"confidence_interval":{"confidence_level":0.95,"lower_bound":1607.594982112207,"upper_bound":1631.0021394261515},"point_estimate":1619.0432245492228,"standard_error":5.94663639203931},"StdDev":{"confidence_interval":{"confidence_level":0.95,"lower_bound":44.545058162170047,"upper_bound":63.076130537366399},"point_estimate":54.37382756408873,"standard_error":4.734739070647162}}