{"Mean":{"confidence_interval":{"confidence_level":0.95,"lower_bound":1717.7123153993917,"upper_bound":1754.4607834358024},"point_estimate":1735.1381172034858,"standard_error":9.384319492805691},"Median":{"confidence_interval":{"confidence_level":0.95,"lower_bound":1688.0571951498515,"upper_bound":1724.3437122755395},"point_estimate":1703.485842503726,"standard_error":9.014497896170214},"MedianAbsDev":{"confidence_interval":{"confidence_level":0.95,"lower_bound":41.75174388273111,"upper_bound":87.55838219119844},"point_estimate":61.47863000701512,"standard_error":11.112231895104598},"Slope":{"confidence_interval":{"confidence_level":0.95,"lower_bound":1720.5393072140533,"upper_bound":1754.8261623166066},"point_estimate":1736.5928607331994,"standard_error":8.717780262219124},"StdDev":{"confidence_interval":{"confidence_level":0.95,"lower_bound":69.37638662003239,"upper_bound":119.5740583530695},"point_estimate":94.23107499567404,"standard_error":12.960683887573748}}