{"Mean":{"confidence_interval":{"confidence_level":0.95,"lower_bound":1328.6669747028853,"upper_bound":1369.2609871146945},"point_estimate":1348.7316764198789,"standard_error":10.37672425231373},"Median":{"confidence_interval":{"confidence_level":0.95,"lower_bound":1330.6701728536312,"upper_bound":1361.8748265043328},"point_estimate":1348.2552789644358,"standard_error":9.320534161341332},"MedianAbsDev":{"confidence_interval":{"confidence_level":0.95,"lower_bound":63.46689128309484,"upper_bound":108.39156685888608},"point_estimate":80.39282840411673,"standard_error":11.534875245477635},"Slope":{"confidence_interval":{"confidence_level":0.95,"lower_bound":1341.3925114826594,"upper_bound":1369.7251177217905},"point_estimate":1355.457124418005,"standard_error":7.239602813911439},"StdDev":{"confidence_interval":{"confidence_level":0.95,"lower_bound":87.73794404842188,"upper_bound":119.51671715881334},"point_estimate":104.38068079936885,"standard_error":8.128027686270962}}