{"Mean":{"confidence_interval":{"confidence_level":0.95,"lower_bound":1406.6859970993292,"upper_bound":1458.0387824244388},"point_estimate":1431.1709913128009,"standard_error":13.112615565993677},"Median":{"confidence_interval":{"confidence_level":0.95,"lower_bound":1387.6393722943724,"upper_bound":1437.3980663780663},"point_estimate":1413.8627185448959,"standard_error":11.228199469714806},"MedianAbsDev":{"confidence_interval":{"confidence_level":0.95,"lower_bound":76.86092007307805,"upper_bound":117.4923426276156},"point_estimate":90.81659741996295,"standard_error":10.205000684416508},"Slope":{"confidence_interval":{"confidence_level":0.95,"lower_bound":1414.052285216327,"upper_bound":1455.8109775545266},"point_estimate":1434.7462854955007,"standard_error":10.62756820660134},"StdDev":{"confidence_interval":{"confidence_level":0.95,"lower_bound":96.0463099643211,"upper_bound":165.8067443618761},"point_estimate":131.63145434383754,"standard_error":17.99906247665217}}