{"Mean":{"confidence_interval":{"confidence_level":0.95,"lower_bound":1780.857668483475,"upper_bound":1816.5616589089435},"point_estimate":1798.0764906889704,"standard_error":9.095381900465466},"Median":{"confidence_interval":{"confidence_level":0.95,"lower_bound":1775.972478934493,"upper_bound":1804.2799655941977},"point_estimate":1785.379991502783,"standard_error":7.736797282717661},"MedianAbsDev":{"confidence_interval":{"confidence_level":0.95,"lower_bound":41.8171448185516,"upper_bound":75.40188834789922},"point_estimate":58.084503317492877,"standard_error":8.759649581509038},"Slope":{"confidence_interval":{"confidence_level":0.95,"lower_bound":1775.0376671805228,"upper_bound":1832.2661478834605},"point_estimate":1801.8122949608394,"standard_error":14.62936190433093},"StdDev":{"confidence_interval":{"confidence_level":0.95,"lower_bound":67.61827985371856,"upper_bound":113.78707080229275},"point_estimate":91.7327097734451,"standard_error":11.852376416946664}}