{"Mean":{"confidence_interval":{"confidence_level":0.95,"lower_bound":1860.867161791974,"upper_bound":1904.901822829942},"point_estimate":1882.4308811737763,"standard_error":11.211349199481},"Median":{"confidence_interval":{"confidence_level":0.95,"lower_bound":1868.2168311754904,"upper_bound":1909.6768587360596},"point_estimate":1887.7829754696573,"standard_error":10.022062968376364},"MedianAbsDev":{"confidence_interval":{"confidence_level":0.95,"lower_bound":76.43128151961408,"upper_bound":137.8664424869636},"point_estimate":113.56426222166238,"standard_error":15.841164099621486},"Slope":{"confidence_interval":{"confidence_level":0.95,"lower_bound":1851.2803825753352,"upper_bound":1898.6337400130124},"point_estimate":1874.7028376832025,"standard_error":12.099859155124971},"StdDev":{"confidence_interval":{"confidence_level":0.95,"lower_bound":93.4973264729647,"upper_bound":131.75065202695235},"point_estimate":112.86132552029844,"standard_error":9.78785715764587}}