{"Mean":{"confidence_interval":{"confidence_level":0.95,"lower_bound":1705.6473778308708,"upper_bound":1727.1494302349809},"point_estimate":1716.272871603487,"standard_error":5.482136006508498},"Median":{"confidence_interval":{"confidence_level":0.95,"lower_bound":1704.3556540255045,"upper_bound":1719.1153593109239},"point_estimate":1710.2981072418573,"standard_error":3.7252049200484769},"MedianAbsDev":{"confidence_interval":{"confidence_level":0.95,"lower_bound":24.41981556119332,"upper_bound":50.07388737806289},"point_estimate":32.51301084897413,"standard_error":6.769453361726094},"Slope":{"confidence_interval":{"confidence_level":0.95,"lower_bound":1683.8255546484489,"upper_bound":1707.996363848609},"point_estimate":1695.591089977594,"standard_error":6.149711731113246},"StdDev":{"confidence_interval":{"confidence_level":0.95,"lower_bound":43.72966868376693,"upper_bound":65.13462147271486},"point_estimate":55.07498928520618,"standard_error":5.495950938491617}}