{"Mean":{"confidence_interval":{"confidence_level":0.95,"lower_bound":-0.10603064776844902,"upper_bound":-0.0678663290718546},"point_estimate":-0.08676766899239552,"standard_error":0.009721601325085127},"Median":{"confidence_interval":{"confidence_level":0.95,"lower_bound":-0.08956913335880858,"upper_bound":-0.05964593508388372},"point_estimate":-0.07397310170583849,"standard_error":0.007103838064707403}}