{"Mean":{"confidence_interval":{"confidence_level":0.95,"lower_bound":0.0674930830775916,"upper_bound":0.11900346279831047},"point_estimate":0.09350202267070218,"standard_error":0.013149723006262469},"Median":{"confidence_interval":{"confidence_level":0.95,"lower_bound":0.06912037154718545,"upper_bound":0.1043653418383228},"point_estimate":0.08875869026447925,"standard_error":0.008718510414883479}}