{"Mean":{"confidence_interval":{"confidence_level":0.95,"lower_bound":2231.4615972284984,"upper_bound":2289.5996838373418},"point_estimate":2259.474688870204,"standard_error":14.87067963707338},"Median":{"confidence_interval":{"confidence_level":0.95,"lower_bound":2200.1698585858587,"upper_bound":2275.4785925925928},"point_estimate":2230.4425684412346,"standard_error":21.88324917725858},"MedianAbsDev":{"confidence_interval":{"confidence_level":0.95,"lower_bound":99.6041224685153,"upper_bound":162.819811347154},"point_estimate":120.51250327831119,"standard_error":15.755551281249402},"Slope":{"confidence_interval":{"confidence_level":0.95,"lower_bound":2219.8416608267077,"upper_bound":2278.2509390545567},"point_estimate":2248.3100981954914,"standard_error":14.922026216295377},"StdDev":{"confidence_interval":{"confidence_level":0.95,"lower_bound":114.02682357814739,"upper_bound":183.2916851834981},"point_estimate":149.08670660217636,"standard_error":17.90955574815802}}