{"Mean":{"confidence_interval":{"confidence_level":0.95,"lower_bound":2193.115218643711,"upper_bound":2277.373499708869},"point_estimate":2233.1695391410428,"standard_error":21.490569227174196},"Median":{"confidence_interval":{"confidence_level":0.95,"lower_bound":2157.073887310606,"upper_bound":2205.3441731141199},"point_estimate":2182.8600526367574,"standard_error":10.422507138714924},"MedianAbsDev":{"confidence_interval":{"confidence_level":0.95,"lower_bound":80.30356009690532,"upper_bound":154.70886002278994},"point_estimate":107.08136103866973,"standard_error":19.183103746311603},"Slope":{"confidence_interval":{"confidence_level":0.95,"lower_bound":2150.7425177976786,"upper_bound":2193.1638999091007},"point_estimate":2171.391085656327,"standard_error":10.803808409273579},"StdDev":{"confidence_interval":{"confidence_level":0.95,"lower_bound":151.4215002132567,"upper_bound":272.2080151031485},"point_estimate":215.932150061956,"standard_error":30.90825383362543}}