{"Mean":{"confidence_interval":{"confidence_level":0.95,"lower_bound":105.22112308945296,"upper_bound":108.09175542933549},"point_estimate":106.62509567997073,"standard_error":0.7333993137147316},"Median":{"confidence_interval":{"confidence_level":0.95,"lower_bound":103.49044162041629,"upper_bound":106.44271236010367},"point_estimate":105.19460317115596,"standard_error":0.7450033680797036},"MedianAbsDev":{"confidence_interval":{"confidence_level":0.95,"lower_bound":3.73105187499905,"upper_bound":6.7648710483806699},"point_estimate":5.1379850445458079,"standard_error":0.7836872789223937},"Slope":{"confidence_interval":{"confidence_level":0.95,"lower_bound":106.55768130061805,"upper_bound":110.0939052623257},"point_estimate":108.28867015464089,"standard_error":0.906798848146646},"StdDev":{"confidence_interval":{"confidence_level":0.95,"lower_bound":6.038712385318691,"upper_bound":8.518188520565241},"point_estimate":7.371473523103121,"standard_error":0.6352599397555242}}